repeat,partition_seed,assay,n,AUC_hist,AUC_hist_foldmean,AUC_hist_foldsd,AUC_clin,margin
0,20260906,GHI,81,0.7441,0.7485,0.1053,0.4638,0.2804
0,20260906,MammaPrint,81,0.8923,0.9534,0.0394,0.9339,-0.0416
0,20260906,ROR-P,81,0.8148,0.8426,0.0853,0.6552,0.1597
0,20260906,ROR-S,81,0.8335,0.8412,0.0932,0.7098,0.1237
1,20260907,GHI,81,0.6972,0.7304,0.1199,0.4915,0.2058
1,20260907,MammaPrint,81,0.8774,0.9192,0.1416,0.9382,-0.0608
1,20260907,ROR-P,81,0.7968,0.8111,0.1398,0.6519,0.1448
1,20260907,ROR-S,81,0.7436,0.7677,0.0596,0.6939,0.0497
2,20260908,GHI,81,0.6333,0.6649,0.2459,0.4712,0.162
2,20260908,MammaPrint,81,0.8902,0.8912,0.1422,0.8273,0.0629
2,20260908,ROR-P,81,0.7723,0.7327,0.2365,0.5535,0.2187
2,20260908,ROR-S,81,0.773,0.7475,0.1079,0.692,0.081
3,20260909,GHI,81,0.8145,0.8296,0.0758,0.565,0.2495
3,20260909,MammaPrint,81,0.9136,0.9005,0.0934,0.9147,-0.0011
3,20260909,ROR-P,81,0.7974,0.8317,0.0297,0.5729,0.2245
3,20260909,ROR-S,81,0.8093,0.7919,0.1679,0.6422,0.1671
4,20260910,GHI,81,0.6994,0.7148,0.0867,0.532,0.1674
4,20260910,MammaPrint,81,0.9414,0.9573,0.0384,0.9318,0.0096
4,20260910,ROR-P,81,0.7852,0.8014,0.0949,0.5361,0.249
4,20260910,ROR-S,81,0.7934,0.8356,0.0718,0.6588,0.1346
