assay,cohort,n,pos,AUC_model,AUC_clin_predeclared,AUC_clin_tuned,AUC_stacked
GHI (Oncotype),ALL,81,67,0.744,0.464,0.495,0.474
GHI (Oncotype),ER+,70,56,0.708,0.367,0.403,0.388
GHI (Oncotype),ER+/HER2-,56,43,0.673,0.279,0.297,0.327
MammaPrint,ALL,81,67,0.892,0.934,0.934,0.918
MammaPrint,ER+,70,66,0.799,0.818,0.818,0.837
MammaPrint,ER+/HER2-,56,56,,,,
ROR-P,ALL,81,50,0.815,0.655,0.642,0.781
ROR-P,ER+,70,39,0.77,0.558,0.541,0.719
ROR-P,ER+/HER2-,56,30,0.756,0.554,0.533,0.682
ROR-S,ALL,81,32,0.834,0.71,0.746,0.789
ROR-S,ER+,70,21,0.763,0.558,0.612,0.684
ROR-S,ER+/HER2-,56,13,0.673,0.36,0.496,0.572
