CLID,outer_fold,true,pred,binary
TCGA-AO-A03V,0,48.57452070077816,25.80459049666718,1.0
TCGA-AO-A0JM,0,100.00000230849625,76.136215550328,1.0
TCGA-AR-A24X,0,24.24641423753065,43.665735091671614,1.0
TCGA-BH-A0B5,0,99.92408125010886,42.692442099985215,1.0
TCGA-BH-A0DE,0,37.33634967850857,40.462923447011285,1.0
TCGA-BH-A0DV,0,16.479562351188207,28.74555668527053,0.0
TCGA-BH-A0GY,0,64.37332949696348,57.24821318997572,1.0
TCGA-BH-A0H7,0,63.41364333001791,75.11644561330337,1.0
TCGA-BH-A0H9,0,74.51107110419848,88.82387661248262,1.0
TCGA-E2-A14P,0,100.00000230849625,105.69140092180321,1.0
TCGA-E2-A15F,0,45.89421910199739,63.956402296268195,1.0
TCGA-E2-A15J,0,42.18336911547836,80.63746494701519,1.0
TCGA-E2-A15K,0,96.4795852802228,70.0839902983726,1.0
TCGA-E2-A15M,0,100.00000230849625,83.62440737594932,1.0
TCGA-E2-A1B1,0,88.98928872116306,70.14873189893862,1.0
