CLID,Pam50.Call,ROR-S Group,ROR-P Group,GHI_RS_3Group,GHI_RS Score,Mammaprint,NKI70,UNC_Basal,UNC_Her2,UNC_LumA,UNC_LumB,UNC_Norm,UNC_ROR_S,UNC_Prolif,ROR_P
TCGA-AO-A03M,LumA,med,med,High,100,NKI70_Good,0.458,-0.218796646,0.021277173,0.205552691,-0.009661574,-0.032132874,31.72235063,-0.23296422,29.73883921
TCGA-AO-A03V,LumA,low,low,High,48.57451947,NKI70_Good,0.628,-0.611702128,-0.358336952,0.87353452,-0.132761615,0.358771168,-5.540242187,-0.673672877,0.946655013
TCGA-AO-A0J8,LumA,med,med,Low,14.88037392,NKI70_Good,0.604,-0.694094659,0.065892314,0.516066001,0.37993921,-0.256730352,23.66530751,-0.304218151,26.10250924
TCGA-AO-A0J9,LumA,low,med,High,55.21383881,NKI70_Good,0.567,-0.319691706,-0.445288754,0.46656535,0.040816327,0.150673035,14.40363658,-0.263108036,22.12065887
TCGA-AO-A0JB,Normal,low,med,High,57.58066016,NKI70_Good,0.38,0.254884933,-0.420972644,0.158054711,-0.492943986,0.535171515,21.46985424,-0.24682824,23.25883286
TCGA-AO-A0JF,LumA,low,low,Low,9.424885248,NKI70_Good,0.717,-0.554059922,-0.299392097,0.740121581,-0.085540599,0.269973947,1.929866162,-0.567602802,7.412261014
TCGA-AO-A0JI,LumA,low,med,High,72.66835093,NKI70_Good,0.42,-0.571862788,-0.314046895,0.622340426,0.169235779,0.140251845,10.7694425,-0.398097598,16.84300766
TCGA-AO-A0JM,LumB,high,high,High,100,NKI70_Good,0.121,-0.27740518,0.533649399,-0.133441258,0.587997225,-0.587303423,62.99328608,0.233268417,59.75058504
TCGA-AO-A129,Basal,high,high,High,100,NKI70_Bad,-0.718,0.887103778,-0.186712983,-0.593899262,-0.325336518,0.134824142,62.01107365,0.401566639,60.31046383
TCGA-AO-A12D,Her2,high,med,High,100,NKI70_Good,0.018,-0.221775944,0.623425966,-0.04624403,0.128093791,-0.232739904,53.28065995,-0.308566986,35.25097077
TCGA-AO-A12E,LumA,low,low,High,70.54905745,NKI70_Good,0.693,-0.362679114,-0.441597916,0.692683456,-0.27594442,0.575770734,-0.425281439,-0.675090488,1.378025989
TCGA-AO-A12F,Basal,high,med,High,100,NKI70_Bad,-0.501,0.747611811,-0.200282241,-0.496309162,-0.289188016,0.195288754,57.6801228,0.229269412,52.47091738
TCGA-AO-A12G,LumA,low,low,Low,14.39497067,NKI70_Good,0.669,-0.630047764,-0.279960921,0.833369518,-0.096830221,0.33423795,-2.215759943,-0.70599507,0.957996466
TCGA-AQ-A04H,LumB,med,med,High,100,NKI70_Good,0.292,-0.549283543,0.255427703,0.208640903,0.442032132,-0.236756405,40.94465897,-0.108196944,39.23874399
TCGA-AR-A1AN,LumA,low,med,Low,13.96194163,NKI70_Good,0.364,-0.55026053,-0.139600521,0.502605297,0.183673469,-0.085866261,18.63991684,-0.086756577,32.08471928
TCGA-AR-A1AQ,Basal,high,high,High,100,NKI70_Bad,-0.748,0.856274425,-0.141771602,-0.610508033,-0.248046027,0.052540165,64.49843232,0.598377442,69.15248562
TCGA-AR-A1AX,LumA,low,low,High,89.74453336,NKI70_Good,0.284,-0.262917933,-0.208315241,0.547980894,-0.309704733,0.43182805,8.924325075,-0.654273569,5.519955374
TCGA-AR-A24M,LumA,low,low,Intermediate,19.95696806,NKI70_Good,0.734,-0.394876109,-0.363991641,0.739490325,-0.21174044,0.459358971,-0.313234254,-0.837841809,-4.619148992
TCGA-AR-A24R,LumB,med,med,High,94.39122841,NKI70_Good,0.464,-0.496417716,-0.06469822,0.211680417,0.461137647,-0.314046895,36.70470417,-0.08779828,37.51494067
TCGA-AR-A24S,LumB,med,med,High,86.48725183,NKI70_Good,0.326,-0.222535823,-0.026704299,0.032783326,0.379830656,-0.331524099,44.67489661,0.237598677,52.28388047
TCGA-AR-A24U,Her2,high,high,High,100,NKI70_Bad,-0.364,0.041684759,0.620820669,-0.384607034,0.259878419,-0.407729049,70.77741624,0.178214408,59.13975052
TCGA-AR-A24W,LumA,low,low,Low,0,NKI70_Good,0.626,-0.252713851,-0.561550152,0.721341728,-0.465479809,0.702019106,-5.997249103,-1.036720846,-15.43405655
TCGA-AR-A24X,LumA,low,low,Intermediate,24.24641552,NKI70_Good,0.573,-0.502496743,-0.353669127,0.651541468,0.011615284,0.243269648,6.685744522,-0.533934544,9.861034453
TCGA-AR-A254,Her2,med,med,High,100,NKI70_Bad,-0.147,-0.204190187,0.355840208,-0.077181937,0.196048632,-0.268779852,51.86188382,-0.015478876,45.48273028
TCGA-BH-A0AW,Her2,high,high,High,100,NKI70_Good,0.054,-0.030178029,0.575770734,-0.201367781,0.16977855,-0.180525402,60.65818827,0.160480207,55.5001277
TCGA-BH-A0AZ,LumA,low,low,High,43.83500226,NKI70_Good,0.57,-0.269756839,-0.4451802,0.574793747,-0.295701259,0.396656535,4.53902573,-0.714996422,0.954409362
TCGA-BH-A0B1,LumA,low,low,High,47.4996828,NKI70_Good,0.453,-0.48556231,-0.291359097,0.547655232,0.093899262,0.098024316,13.36589483,-0.579987723,10.17324803
TCGA-BH-A0B3,Basal,high,high,High,100,NKI70_Bad,-0.432,0.71363439,-0.08608337,-0.535171515,-0.396439427,0.099652627,59.00435917,0.366226563,58.67139985
TCGA-BH-A0B5,LumA,med,med,High,99.92407653,NKI70_Good,0.6,-0.294290056,-0.130264872,0.265306122,0.133521494,-0.147307859,29.04299612,-0.152591785,31.87606929
TCGA-BH-A0B6,LumA,low,low,Intermediate,30.66198043,NKI70_Good,0.581,-0.617564047,-0.203647416,0.788753799,-0.060573165,0.393942683,1.421118004,-0.558282037,8.170764001
TCGA-BH-A0BG,Basal,high,med,High,100,NKI70_Bad,-0.461,0.7540165,-0.193551889,-0.427594442,-0.409031698,0.287342597,52.95812043,0.228342156,51.0231186
TCGA-BH-A0BJ,LumA,low,low,Low,0,NKI70_Good,0.609,-0.501736865,-0.40881459,0.793747286,-0.190512375,0.421732523,-3.394132238,-0.769208693,-2.723332357
TCGA-BH-A0BM,LumA,low,low,Low,8.816357983,NKI70_Good,0.737,-0.348567086,-0.494680851,0.797003908,-0.353777681,0.613004776,-6.759896854,-0.94145661,-11.28352154
TCGA-BH-A0BQ,LumA,low,low,Low,17.8309493,NKI70_Good,0.698,-0.390577508,-0.455492835,0.751085541,-0.351172384,0.559053409,-4.446165274,-0.91337887,-9.312417951
TCGA-BH-A0BT,LumA,low,low,Low,9.26003398,NKI70_Good,0.705,-0.526270083,-0.134824142,0.697568389,-0.121580547,0.339557099,5.642570483,-0.791024058,0.11893807
TCGA-BH-A0C0,LumB,med,med,High,100,NKI70_Bad,-0.185,-0.255210595,0.026704299,0.14491967,0.291793313,-0.153929657,39.17582358,0.119111612,46.2373142
TCGA-BH-A0DE,LumA,low,low,High,37.33634814,NKI70_Good,0.716,-0.390577508,-0.524316109,0.766283109,-0.287885367,0.56231003,-5.027334751,-0.851868723,-7.226015737
TCGA-BH-A0DG,LumA,low,med,High,97.21374092,NKI70_Good,0.697,-0.439535389,-0.203430308,0.595961789,-0.075553626,0.353669127,10.04753542,-0.516716852,11.87955988
TCGA-BH-A0DH,LumA,low,low,Intermediate,29.33476169,NKI70_Good,0.623,-0.620820669,-0.096178897,0.747286149,-0.02941815,0.283326096,5.221169006,-0.65393106,5.882267736
TCGA-BH-A0DI,LumA,low,low,Intermediate,21.78808331,NKI70_Good,0.628,-0.273013461,-0.38797221,0.626899696,-0.450390795,0.53929657,0.615342169,-0.799820698,-3.438787847
TCGA-BH-A0DK,Normal,low,med,High,72.42726649,NKI70_Good,0.482,-0.238059053,-0.410225792,0.368215371,-0.175966131,0.369735128,15.77427568,-0.355056328,18.57783473
TCGA-BH-A0DT,LumA,low,low,Low,0,NKI70_Good,0.73,-0.374945723,-0.511723838,0.769648285,-0.31524099,0.528983934,-5.362143199,-0.808936119,-5.611870594
TCGA-BH-A0DV,LumA,low,low,Low,16.47956186,NKI70_Good,0.72,-0.316869301,-0.47514112,0.759444203,-0.441489362,0.618215371,-6.225990104,-0.965891925,-12.18976143
TCGA-BH-A0DX,LumA,low,med,High,72.00181519,NKI70_Good,0.395,-0.595093356,-0.115392966,0.503690838,0.20375597,0.006513244,19.06371434,-0.242412975,26.19222648
TCGA-BH-A0DZ,Her2,med,med,High,100,NKI70_Bad,0.045,-0.416956144,0.345744681,0.283977421,0.076856274,-0.020408163,33.69551519,-0.119219357,36.55744761
TCGA-BH-A0E0,Basal,high,high,High,100,NKI70_Bad,-0.586,0.488927486,0.034628745,-0.543638732,-0.044398611,-0.112679114,65.8994814,0.631386007,72.3777222
TCGA-BH-A0E1,LumA,med,med,High,80.34228083,NKI70_Good,0.281,-0.176183239,-0.390360399,0.242726878,0.075770734,0.024967434,25.78349274,-0.011339983,35.28758801
TCGA-BH-A0E2,LumA,low,med,High,87.48182252,NKI70_Good,-0.037,-0.298523665,-0.363656101,0.393725575,0.029635258,0.130264872,18.53829704,-0.217551756,25.34794803
TCGA-BH-A0E9,LumA,low,low,Low,6.004500678,NKI70_Good,0.587,-0.21016066,-0.571211463,0.668367347,-0.379504993,0.641880156,-2.294570745,-0.84189432,-6.666300862
TCGA-BH-A0EI,LumA,low,low,High,39.59604215,NKI70_Good,0.695,-0.567194963,-0.202887538,0.609965263,-0.016934433,0.072622666,9.82288384,-0.615691447,8.139864607
TCGA-BH-A0GY,LumA,med,med,High,64.37332657,NKI70_Good,0.192,-0.122883196,-0.220907512,0.272145028,-0.097698654,0.143291359,24.41270166,-0.372836849,20.92887301
TCGA-BH-A0GZ,LumA,low,med,High,46.56456705,NKI70_Good,0.53,-0.567194963,-0.139709075,0.591728181,0.114850195,0.0508033,13.7091521,-0.545358735,12.42467587
TCGA-BH-A0H3,LumA,low,low,Low,0,NKI70_Good,0.685,-0.377225358,-0.518779852,0.77540165,-0.328918802,0.564806774,-5.944136432,-0.994574528,-13.20593425
TCGA-BH-A0H5,LumA,low,low,High,34.16827527,NKI70_Good,0.677,-0.419995658,-0.469279201,0.732197134,-0.279092488,0.547546678,-2.805805628,-0.652438121,1.600372591
TCGA-BH-A0H6,LumA,low,low,Low,0,NKI70_Good,0.776,-0.718302215,0.00293096,0.635366913,0.060573165,0.074359531,12.33621537,-0.65075409,8.601973862
TCGA-BH-A0H7,LumA,low,med,High,63.41364299,NKI70_Good,0.485,-0.554385584,-0.078810248,0.491207121,0.11148502,0.131241858,18.77649044,-0.451610649,17.75849144
TCGA-BH-A0H9,LumA,low,med,High,74.51106934,NKI70_Good,0.515,-0.41739036,-0.43475901,0.530395137,0.164459401,0.120277898,13.4956826,-0.271055271,21.90392744
TCGA-BH-A0HA,LumA,low,low,Intermediate,19.2616123,NKI70_Good,0.848,-0.536054496,-0.288435965,0.697695878,-0.087985453,0.311504329,3.897560012,-0.531358555,9.403674457
TCGA-BH-A0HI,LumA,low,med,Low,8.121941167,NKI70_Good,0.699,-0.679765523,-0.231437256,0.643834129,0.216999566,0.006621798,11.35430769,-0.503280905,13.37541894
TCGA-BH-A0HX,LumA,low,med,High,75.23715399,NKI70_Good,0.482,-0.630590534,-0.110833695,0.640360399,0.113981763,0.156969171,11.78815586,-0.483875038,14.5659319
TCGA-BH-A0HY,LumB,med,med,High,100,NKI70_Good,0.284,-0.356338372,0.437593291,0.047927918,0.507178332,-0.426520477,52.32364376,0.051354659,49.23269465
TCGA-BH-A0RX,Basal,high,high,High,100,NKI70_Bad,-0.349,0.754342162,-0.165436387,-0.523122015,-0.268237082,0.205601389,59.68636354,0.288530888,55.53585165
TCGA-BH-A0W3,LumB,med,med,High,86.69512239,NKI70_Good,0.669,-0.584997829,0.058619192,0.337386018,0.46710812,-0.341511073,32.96353217,0.068990472,43.40058823
TCGA-BH-A0W5,LumA,low,low,Low,0,NKI70_Good,0.687,-0.395896657,-0.46016066,0.726769431,-0.411202779,0.553300043,-4.536783346,-0.812780413,-5.41985187
TCGA-BH-A18F,LumA,med,med,High,95.74944047,NKI70_Good,0.444,-0.058944855,-0.236430743,0.264546244,-0.164133739,0.156100738,23.7058221,-0.280009219,24.19165587
TCGA-BH-A18H,LumA,low,low,Intermediate,28.44181347,NKI70_Good,0.618,-0.594767694,-0.411419887,0.787125488,-0.083043856,0.349326965,-1.821608231,-0.602670196,4.596065347
TCGA-BH-A18I,LumA,low,low,High,41.86383186,NKI70_Good,0.689,-0.400021711,-0.445940078,0.681610942,-0.185518888,0.368541033,1.29711493,-0.707275037,0.713934749
TCGA-BH-A201,Normal,low,low,Intermediate,21.02610642,NKI70_Good,0.645,-0.184867564,-0.511615284,0.669018671,-0.553517152,0.715262701,-4.23193915,-0.791649201,-5.200235522
TCGA-BH-A202,LumB,high,high,High,100,NKI70_Bad,-0.361,-0.285171515,0.472535823,-0.125488493,0.542553191,-0.543095962,60.96890259,0.228464623,58.70951895
TCGA-BH-A28Q,LumA,low,low,Low,0.256164734,NKI70_Good,0.823,-0.691272254,-0.198979592,0.824468085,-0.044832827,0.280937907,-0.092791762,-0.8844663,-5.081817368
TCGA-E2-A105,LumA,med,med,High,93.54071532,NKI70_Good,0.372,-0.555145462,-0.12646548,0.344984802,0.307642206,-0.206361268,27.41525394,-0.064537287,35.56127658
TCGA-E2-A107,LumB,med,med,High,100,NKI70_Good,0.495,-0.412722536,0.074359531,0.302974381,0.40534086,-0.138949197,34.44134846,-0.146594247,34.95090431
TCGA-E2-A108,Normal,low,low,High,62.9173294,NKI70_Good,0.322,0.157570494,-0.588596087,0.271121123,-0.516894184,0.582408337,13.44181541,-0.474608378,11.42820211
TCGA-E2-A109,LumB,med,high,High,100,NKI70_Good,0.233,-0.469170647,0.336409032,0.062418584,0.615175858,-0.413808076,51.48588975,0.347801216,60.6916845
TCGA-E2-A10F,LumA,low,low,High,32.93033415,NKI70_Good,0.704,-0.618866696,-0.358336952,0.660985671,0.035931394,0.145788102,6.055987473,-0.518591593,10.48223314
TCGA-E2-A14N,Basal,high,high,High,100,NKI70_Bad,-0.661,0.836409032,-0.069474598,-0.693551889,-0.185410334,0.025618758,69.95024503,0.576456413,70.1637394
TCGA-E2-A14P,Her2,high,high,High,100,NKI70_Bad,-0.362,0.150564481,0.652627008,-0.416413374,0.179874077,-0.35855406,71.76391291,0.29597202,63.96813408
TCGA-E2-A14Q,LumA,low,low,High,38.39914428,NKI70_Good,0.742,-0.315140989,-0.529052569,0.705077754,-0.219882216,0.468206367,-1.048856867,-0.615357939,3.226124714
TCGA-E2-A14S,LumB,med,med,High,90.58598009,NKI70_Good,0.301,-0.544181502,-0.071102909,0.308944855,0.459075119,-0.273773339,32.30773483,0.120047256,44.64466001
TCGA-E2-A14T,LumA,low,med,High,77.69963776,NKI70_Good,0.308,-0.488384716,-0.309161963,0.494897959,0.072405558,0.041033435,14.91837238,-0.121061272,28.77104708
TCGA-E2-A14V,Her2,high,med,High,100,NKI70_Good,0.164,-0.095527573,0.451042119,-0.083369518,0.258901433,-0.255319149,55.10392434,-0.077972069,44.19160776
TCGA-E2-A14X,Basal,med,med,High,100,NKI70_Bad,-0.468,0.740121581,-0.321211463,-0.404906644,-0.345201911,0.209726444,51.14375481,0.167109012,47.66290926
TCGA-E2-A14Y,Basal,high,high,High,100,NKI70_Bad,-0.675,0.537559705,0.019322623,-0.378202345,-0.265740339,0.074142423,55.35676847,0.312948018,56.42900183
TCGA-E2-A150,Basal,med,med,High,100,NKI70_Bad,-0.493,0.736539297,-0.241207121,-0.412939644,-0.386561007,0.200499349,51.94084398,0.13160914,46.75092685
TCGA-E2-A152,Her2,med,med,High,100,NKI70_Good,0.055,-0.458640903,0.555579679,0.219713417,0.20212766,-0.221558836,41.32539153,-0.19731206,36.60766768
TCGA-E2-A159,Basal,high,high,High,100,NKI70_Bad,-0.581,0.403712549,0.335757707,-0.479700391,-0.076530612,-0.091293964,66.70628165,0.285867714,60.1770956
TCGA-E2-A15A,LumB,med,med,High,98.22691305,NKI70_Good,0.288,-0.419669996,0.227420756,0.03582284,0.46363439,-0.438992618,48.70103261,0.065069947,47.95676861
TCGA-E2-A15E,LumA,low,low,High,34.51096327,NKI70_Good,0.724,-0.32674772,-0.335540599,0.667607469,-0.439861051,0.601280938,-0.393209516,-0.812104148,-3.889619909
TCGA-E2-A15F,LumA,low,med,High,45.89421783,NKI70_Good,0.602,-0.325879288,-0.449522362,0.548089449,-0.191489362,0.343139383,7.046924939,-0.359213673,15.99815618
TCGA-E2-A15H,LumA,low,med,High,100,NKI70_Good,0.349,-0.459467528,-0.196379624,0.485738324,0.076586968,0.075392841,17.16540041,-0.429883813,17.51443236
TCGA-E2-A15I,LumA,low,low,Low,0,NKI70_Good,0.746,-0.425423361,-0.496200608,0.836300478,-0.272253582,0.500651324,-7.428647502,-0.88219653,-8.894049354
TCGA-E2-A15J,LumA,low,med,High,42.18336923,NKI70_Good,0.636,-0.630807642,-0.027898393,0.523122015,0.272579244,-0.104646114,20.51543391,-0.095047115,32.9596245
TCGA-E2-A15K,LumB,med,high,High,96.47958586,NKI70_Good,0.62,-0.443986105,0.161311333,0.119192358,0.597915762,-0.498154581,46.40038534,0.223894664,53.59252269
TCGA-E2-A15L,LumA,med,med,High,61.9738769,NKI70_Good,0.553,-0.659140252,0.088363005,0.476443769,0.381784629,-0.222101607,25.84136225,-0.184316723,31.51101397
TCGA-E2-A15M,LumA,med,med,High,100,NKI70_Good,0.319,0.049934868,-0.244789405,0.140577508,0.128310899,-0.139926183,34.15159161,0.061329954,40.79104906
TCGA-E2-A1B1,Normal,low,low,High,88.98928783,NKI70_Good,0.499,-0.227637864,-0.013352149,0.486647851,-0.490555797,0.513352149,11.47696688,-0.709300216,4.549156488
TCGA-E2-A1B5,LumA,low,med,High,38.47114716,NKI70_Good,0.469,-0.220859229,-0.400358238,0.409422748,-0.040654599,0.319211876,16.55861547,-0.341740632,19.51091656
TCGA-E2-A1B6,Basal,high,high,High,100,NKI70_Bad,-0.541,0.762483717,-0.231220148,-0.494029527,-0.346178897,0.175097699,56.25254736,0.263237077,53.21368008
TCGA-E2-A1IE,LumA,low,med,High,54.55727502,NKI70_Good,0.704,-0.713742944,0.015414677,0.498263135,0.36951802,-0.192466348,23.39136632,-0.345247094,24.1983522
TCGA-E2-A1IG,LumA,low,low,High,65.96235587,NKI70_Good,0.568,-0.53179926,-0.33406568,0.686285846,-0.160615171,0.397548566,2.507894908,-0.805760102,-2.190382788
