bcr_patient_barcode,age_at_initial_pathologic_diagnosis,ajcc_cancer_metastasis_stage_code,ajcc_neoplasm_disease_lymph_node_stage,ajcc_neoplasm_disease_stage,ajcc_tumor_stage_code,anatomic_organ_subdivision,axillary_lymph_node_stage_method_type,breast_cancer_optical_measurement_histologic_type,breast_cancer_surgery_margin_status,breast_carcinoma_estrogen_receptor_status,breast_carcinoma_progesterone_receptor_status,breast_carcinoma_surgical_procedure_name,date_of_initial_pathologic_diagnosis,her2_immunohistochemistry_level_result,lymph_node_examined_count,margin_status,menopause_status,number_of_lymphnodes_positive_by_he,patient_id,pretreatment_history,prior_diagnosis,race,tissue_source_site,vital_status
TCGA-E2-A107,54,M0,N2a,Stage IIIA,T3,Right Upper Inner Quadrant,Sentinel lymph node biopsy plus axillary dissection,Infiltrating Lobular,,Positive,Negative,Simple Mastectomy,2008-00-00,2+,27,Negative,Post (prior bilateral ovariectomy OR >12 mo since LMP with no prior hysterectomy),4,A107,NO,NO,WHITE,E2,LIVING
TCGA-E2-A108,64,M0,N2a,Stage IIIA,T2,Right Upper Outer Quadrant,,Infiltrating Ductal,,Positive,Positive,Lumpectomy,2009-00-00,1+,27,Negative,Post (prior bilateral ovariectomy OR >12 mo since LMP with no prior hysterectomy),4,A108,NO,NO,WHITE,E2,LIVING
TCGA-E2-A109,64,M0,N0 (i-),Stage IIA,T2,Right Upper Outer Quadrant,Sentinel node biopsy alone,Infiltrating Ductal,,Positive,Negative,Simple Mastectomy,2007-00-00,2+,6,Negative,Post (prior bilateral ovariectomy OR >12 mo since LMP with no prior hysterectomy),0,A109,NO,NO,WHITE,E2,LIVING
TCGA-E2-A10B,67,M0,N1a,Stage IIB,T2,Left Lower Outer Quadrant,Sentinel lymph node biopsy plus axillary dissection,Infiltrating Ductal,,Positive,Positive,Lumpectomy,2007-00-00,2+,28,Close,Post (prior bilateral ovariectomy OR >12 mo since LMP with no prior hysterectomy),2,A10B,NO,NO,WHITE,E2,LIVING
TCGA-E2-A10C,54,M0,N1a,Stage IIB,T2,Left Upper Outer Quadrant,Sentinel lymph node biopsy plus axillary dissection,Infiltrating Ductal,,Positive,Positive,Lumpectomy,2008-00-00,1+,13,Negative,Post (prior bilateral ovariectomy OR >12 mo since LMP with no prior hysterectomy),1,A10C,NO,NO,WHITE,E2,LIVING
TCGA-E2-A10F,47,M0,N0 (i-),Stage IIA,T2,Left Upper Outer Quadrant,Sentinel node biopsy alone,Infiltrating Lobular,,Positive,Positive,Lumpectomy,2008-00-00,2+,2,Negative,Pre (<6 months since LMP AND no prior bilateral ovariectomy AND not on estrogen replacement),0,A10F,NO,NO,WHITE,E2,LIVING
TCGA-E2-A1BC,63,M0,N0,Stage IA,T1c,Right,Sentinel node biopsy alone,Infiltrating Ductal,,Positive,Positive,Simple Mastectomy,2010-00-00,,4,Positive,Post (prior bilateral ovariectomy OR >12 mo since LMP with no prior hysterectomy),0,A1BC,NO,YES,,E2,LIVING
TCGA-BH-A0HW,62,M0,N0 (i-),Stage IA,T1c,Left Lower Inner Quadrant|Left Lower Outer Quadrant|Left,Sentinel node biopsy alone,Infiltrating Ductal,,Positive,Negative,Lumpectomy,2006-00-00,2+,2,Negative,Post (prior bilateral ovariectomy OR >12 mo since LMP with no prior hysterectomy),0,A0HW,NO,NO,ASIAN,BH,LIVING
TCGA-BH-A0WA,82,M0,N0 (i-),Stage IA,T1c,Right Upper Outer Quadrant,Axillary lymph node dissection alone,Infiltrating Ductal,,Negative,Negative,Other,2008-00-00,,3,Negative,,0,A0WA,NO,NO,WHITE,BH,LIVING
TCGA-AR-A0TP,43,M0,N0,Stage IIA,T2,Left Upper Inner Quadrant,Sentinel lymph node biopsy plus axillary dissection,Infiltrating Ductal,,Positive,Negative,Other,2003-00-00,,5,Negative,Pre (<6 months since LMP AND no prior bilateral ovariectomy AND not on estrogen replacement),0,A0TP,NO,NO,WHITE,AR,LIVING
TCGA-AR-A0TQ,27,M0,N1,Stage IIIA,T3,Right Upper Outer Quadrant,Axillary lymph node dissection alone,Infiltrating Ductal,,Positive,Negative,Simple Mastectomy,2006-00-00,2+,15,Negative,Pre (<6 months since LMP AND no prior bilateral ovariectomy AND not on estrogen replacement),2,A0TQ,NO,NO,WHITE,AR,LIVING
TCGA-AR-A0TR,68,M0,N1,Stage IIB,T2,Left,Sentinel lymph node biopsy plus axillary dissection,Infiltrating Ductal,,Positive,Positive,Modified Radical Mastectomy,2006-00-00,2+,27,Negative,Post (prior bilateral ovariectomy OR >12 mo since LMP with no prior hysterectomy),1,A0TR,NO,NO,WHITE,AR,DECEASED
TCGA-AR-A0TT,53,M0,N2,Stage IIIA,T2,Right Upper Outer Quadrant,Sentinel lymph node biopsy plus axillary dissection,Infiltrating Ductal,,Positive,Negative,Other,2006-00-00,1+,19,Negative,Pre (<6 months since LMP AND no prior bilateral ovariectomy AND not on estrogen replacement),5,A0TT,NO,NO,BLACK OR AFRICAN AMERICAN,AR,LIVING
TCGA-AR-A0TV,66,M0,N0,Stage IIA,T2,Left Upper Outer Quadrant,Sentinel lymph node biopsy plus axillary dissection,Infiltrating Ductal,,Positive,Positive,Simple Mastectomy,2005-00-00,2+,3,Negative,Post (prior bilateral ovariectomy OR >12 mo since LMP with no prior hysterectomy),0,A0TV,NO,NO,,AR,LIVING
TCGA-AR-A0TX,64,M0,N1,Stage IIA,T1,Left Upper Outer Quadrant,Axillary lymph node dissection alone,Infiltrating Ductal,,Positive,Positive,Other,2005-00-00,3+,25,Negative,Post (prior bilateral ovariectomy OR >12 mo since LMP with no prior hysterectomy),3,A0TX,NO,NO,,AR,LIVING
TCGA-AR-A0TZ,43,M0,N2,Stage IIIA,T2,Left Upper Outer Quadrant,,Infiltrating Ductal,,Positive,Positive,Modified Radical Mastectomy,2004-00-00,2+,30,Negative,Pre (<6 months since LMP AND no prior bilateral ovariectomy AND not on estrogen replacement),6,A0TZ,NO,NO,WHITE,AR,LIVING
TCGA-BH-A0HY,60,M0,N0,Stage I,T1c,Left,,Infiltrating Ductal,,Positive,Negative,Other,2009-00-00,,3,Negative,Post (prior bilateral ovariectomy OR >12 mo since LMP with no prior hysterectomy),0,A0HY,NO,NO,WHITE,BH,LIVING
TCGA-AR-A1AH,51,M0,N1,Stage IIB,T2,Right Upper Inner Quadrant,Axillary lymph node dissection alone,Infiltrating Ductal,,Positive,Negative,Other,2004-00-00,,9,Negative,Post (prior bilateral ovariectomy OR >12 mo since LMP with no prior hysterectomy),1,A1AH,NO,NO,WHITE,AR,LIVING
TCGA-BH-A0C1,61,M0,N2a,Stage IIIA,T3,Right,,Infiltrating Lobular,,Positive,Positive,Modified Radical Mastectomy,2007-00-00,,10,Negative,Post (prior bilateral ovariectomy OR >12 mo since LMP with no prior hysterectomy),8,A0C1,NO,NO,WHITE,BH,LIVING
TCGA-BH-A0DO,78,M0,N0,Stage I,T1c,Left Upper Inner Quadrant,,Infiltrating Ductal,,Positive,Positive,Simple Mastectomy,2009-00-00,,2,Negative,Post (prior bilateral ovariectomy OR >12 mo since LMP with no prior hysterectomy),0,A0DO,NO,YES,WHITE,BH,LIVING
TCGA-BH-A0DT,41,M0,N1a,Stage IIA,T1c,Right,,Infiltrating Ductal,,Positive,Positive,Other,2007-00-00,,18,Negative,Pre (<6 months since LMP AND no prior bilateral ovariectomy AND not on estrogen replacement),1,A0DT,NO,NO,WHITE,BH,LIVING
TCGA-BH-A18F,50,M0,N0,Stage IIA,T2,Right Lower Outer Quadrant,Sentinel node biopsy alone,Infiltrating Ductal,,Positive,Positive,Other,2010-00-00,,1,Negative,Peri (6-12 months since last menstrual period),0,A18F,NO,NO,WHITE,BH,LIVING
TCGA-BH-A18G,81,M0,N0,Stage IA,T1c,Right,Sentinel lymph node biopsy plus axillary dissection,Infiltrating Ductal,,Negative,Negative,Other,2010-00-00,,3,Negative,Post (prior bilateral ovariectomy OR >12 mo since LMP with no prior hysterectomy),0,A18G,NO,NO,WHITE,BH,LIVING
TCGA-BH-A18H,63,M0,N0,Stage IA,T1b,Right Upper Outer Quadrant,Sentinel lymph node biopsy plus axillary dissection,Infiltrating Ductal,,Positive,Positive,Other,2010-00-00,,2,Negative,Post (prior bilateral ovariectomy OR >12 mo since LMP with no prior hysterectomy),0,A18H,NO,NO,WHITE,BH,LIVING
TCGA-BH-A18I,53,cM0 (i+),N1a,Stage IIA,T1c,Left Upper Outer Quadrant,Sentinel node biopsy alone,Infiltrating Ductal,Negative,Positive,Positive,Other,2010-00-00,,3,Positive,Post (prior bilateral ovariectomy OR >12 mo since LMP with no prior hysterectomy),1,A18I,NO,NO,WHITE,BH,LIVING
TCGA-BH-A18J,56,M1,N2,Stage IV,T4b,Right,,Infiltrating Ductal,,Positive,Positive,Modified Radical Mastectomy,2000-00-00,,,Negative,,,A18J,NO,NO,WHITE,BH,DECEASED
TCGA-BH-A18K,46,M0,N0,Stage I,T1,Left Lower Inner Quadrant,Sentinel lymph node biopsy plus axillary dissection,Infiltrating Ductal,,Positive,Positive,Other,1999-00-00,,11,Negative,,0,A18K,NO,NO,WHITE,BH,DECEASED
TCGA-BH-A18L,50,M0,N1mi,Stage IIIA,T3,Left Upper Outer Quadrant,Sentinel node biopsy alone,Infiltrating Ductal,,Positive,Positive,Other,2003-00-00,,3,Negative,,1,A18L,NO,NO,WHITE,BH,DECEASED
TCGA-BH-A18M,39,M0,N1,Stage IIIA,T3,Left Upper Inner Quadrant,,Infiltrating Ductal,,Positive,Positive,Modified Radical Mastectomy,2001-00-00,,6,Negative,,4,A18M,NO,NO,WHITE,BH,DECEASED
TCGA-BH-A18N,88,M0,N1b,Stage IIA,T2,Left,Axillary lymph node dissection alone,Infiltrating Ductal,,Positive,Positive,Modified Radical Mastectomy,2001-00-00,,26,Negative,,2,A18N,NO,NO,WHITE,BH,DECEASED
TCGA-AR-A1AI,47,M0,N0,Stage IIA,T2,Left Upper Outer Quadrant,Sentinel lymph node biopsy plus axillary dissection,Medullary,,Negative,Negative,Simple Mastectomy,2005-00-00,2+,5,Negative,Post (prior bilateral ovariectomy OR >12 mo since LMP with no prior hysterectomy),0,A1AI,NO,NO,WHITE,AR,LIVING
TCGA-AR-A1AN,46,M0,N0,Stage IIA,T2,Right Upper Outer Quadrant,Sentinel lymph node biopsy plus axillary dissection,Infiltrating Ductal,,Positive,Positive,Other,2006-00-00,,5,Negative,Pre (<6 months since LMP AND no prior bilateral ovariectomy AND not on estrogen replacement),0,A1AN,NO,NO,WHITE,AR,LIVING
TCGA-AR-A1AO,47,M0,N1,Stage IIA,T1,Left Upper Inner Quadrant,Sentinel lymph node biopsy plus axillary dissection,Infiltrating Ductal,,Positive,Negative,Other,2006-00-00,1+,39,Negative,Pre (<6 months since LMP AND no prior bilateral ovariectomy AND not on estrogen replacement),2,A1AO,NO,NO,WHITE,AR,LIVING
TCGA-BH-A0AZ,47,cM0 (i+),N1a,Stage IIIA,T3,Right,,Infiltrating Ductal,,Positive,Positive,Other,2008-00-00,,13,Negative,Pre (<6 months since LMP AND no prior bilateral ovariectomy AND not on estrogen replacement),1,A0AZ,NO,NO,WHITE,BH,LIVING
TCGA-BH-A0BS,55,M0,N1c,Stage IIIA,T3,Left,,Infiltrating Ductal,,Positive,Positive,Simple Mastectomy,2007-00-00,,11,Negative,Post (prior bilateral ovariectomy OR >12 mo since LMP with no prior hysterectomy),0,A0BS,NO,NO,WHITE,BH,LIVING
TCGA-BH-A0BT,56,M0,N1mi,Stage IIA,T1c,Right Upper Inner Quadrant,,Infiltrating Ductal,,Positive,Positive,Other,2007-00-00,,,Negative,,,A0BT,NO,NO,WHITE,BH,LIVING
TCGA-BH-A0BZ,59,M0,N1a,Stage IIIA,T3,Left,,Infiltrating Ductal,,Positive,Positive,Other,2007-00-00,,23,Negative,Post (prior bilateral ovariectomy OR >12 mo since LMP with no prior hysterectomy),1,A0BZ,NO,NO,WHITE,BH,LIVING
TCGA-BH-A0C3,47,M0,N0,Stage I,T1c,Left,,Mixed Histology,,Positive,Negative,Other,2006-00-00,,4,Negative,Pre (<6 months since LMP AND no prior bilateral ovariectomy AND not on estrogen replacement),0,A0C3,NO,NO,WHITE,BH,LIVING
TCGA-BH-A0DD,58,M0,N1a,Stage IIB,T2,Right,,Infiltrating Ductal,,Positive,Positive,Modified Radical Mastectomy,2006-00-00,,22,Negative,,0,A0DD,NO,NO,WHITE,BH,LIVING
TCGA-BH-A0DG,30,M0,N0,Stage IIA,T2,Right Upper Outer Quadrant,,Infiltrating Ductal,,Positive,Negative,Other,2007-00-00,,3,Negative,Pre (<6 months since LMP AND no prior bilateral ovariectomy AND not on estrogen replacement),0,A0DG,NO,NO,BLACK OR AFRICAN AMERICAN,BH,LIVING
TCGA-BH-A0DI,63,M0,N1a,Stage IIB,T2,Right,,Infiltrating Ductal,,Positive,Positive,Other,2009-00-00,,28,Negative,Post (prior bilateral ovariectomy OR >12 mo since LMP with no prior hysterectomy),3,A0DI,NO,NO,WHITE,BH,LIVING
TCGA-BH-A0H3,46,M0,N0,Stage I,T1c,Left Upper Outer Quadrant,,Infiltrating Ductal,,Positive,Positive,Other,2008-00-00,,2,Negative,Pre (<6 months since LMP AND no prior bilateral ovariectomy AND not on estrogen replacement),0,A0H3,NO,NO,WHITE,BH,LIVING
TCGA-BH-A0HA,31,M0,N0 (i-),Stage I,T1c,Right,,Infiltrating Ductal,,Positive,Positive,Other,2008-00-00,,4,Negative,Pre (<6 months since LMP AND no prior bilateral ovariectomy AND not on estrogen replacement),0,A0HA,NO,NO,WHITE,BH,LIVING
TCGA-AR-A0TS,46,M0,N1,Stage IIB,T2,Right,Sentinel lymph node biopsy plus axillary dissection,Infiltrating Ductal,,Negative,Negative,Lumpectomy,2006-00-00,1+,16,Negative,Pre (<6 months since LMP AND no prior bilateral ovariectomy AND not on estrogen replacement),2,A0TS,NO,NO,WHITE,AR,LIVING
TCGA-AR-A0TY,54,M0,N0,Stage IIA,T2,Right Upper Outer Quadrant,Sentinel lymph node biopsy plus axillary dissection,Infiltrating Ductal,,Positive,Negative,Simple Mastectomy,2004-00-00,,15,Negative,Post (prior bilateral ovariectomy OR >12 mo since LMP with no prior hysterectomy),0,A0TY,NO,NO,WHITE,AR,DECEASED
TCGA-AR-A0U1,36,M0,N1,Stage IIB,T2,Left Upper Outer Quadrant,Sentinel lymph node biopsy plus axillary dissection,Infiltrating Ductal,,Negative,Negative,Other,2004-00-00,1+,31,Negative,Pre (<6 months since LMP AND no prior bilateral ovariectomy AND not on estrogen replacement),1,A0U1,NO,NO,WHITE,AR,LIVING
TCGA-BH-A0BP,76,M0,N0,Stage I,T1c,Left Upper Outer Quadrant,,Infiltrating Ductal,,Positive,Positive,Other,2006-00-00,,3,Negative,Post (prior bilateral ovariectomy OR >12 mo since LMP with no prior hysterectomy),0,A0BP,NO,NO,WHITE,BH,LIVING
TCGA-BH-A0BQ,39,M0,N0,Stage I,T1c,Left,,Infiltrating Ductal,,Positive,Positive,Other,2007-00-00,,2,Negative,Pre (<6 months since LMP AND no prior bilateral ovariectomy AND not on estrogen replacement),0,A0BQ,NO,NO,WHITE,BH,LIVING
TCGA-BH-A0BR,59,M0,N0,Stage I,T1c,Left Lower Inner Quadrant,,Infiltrating Ductal,,Positive,Positive,Other,2007-00-00,,3,Negative,Post (prior bilateral ovariectomy OR >12 mo since LMP with no prior hysterectomy),0,A0BR,NO,NO,WHITE,BH,LIVING
TCGA-BH-A0BW,71,M0,N0,Stage I,T1c,Left Lower Outer Quadrant,,Infiltrating Ductal,,Negative,Negative,Other,2006-00-00,,8,Negative,Post (prior bilateral ovariectomy OR >12 mo since LMP with no prior hysterectomy),0,A0BW,NO,NO,BLACK OR AFRICAN AMERICAN,BH,LIVING
TCGA-BH-A0C7,48,M0,N1mi,Stage IIB,T2,Left,,Infiltrating Ductal,,Positive,Negative,Other,2006-00-00,,18,Negative,Peri (6-12 months since last menstrual period),1,A0C7,NO,NO,WHITE,BH,LIVING
TCGA-BH-A0DE,62,M0,N0,Stage IIA,T2,Left Upper Outer Quadrant,,Infiltrating Ductal,,Positive,Positive,Other,2007-00-00,,2,Negative,Post (prior bilateral ovariectomy OR >12 mo since LMP with no prior hysterectomy),0,A0DE,NO,NO,WHITE,BH,LIVING
TCGA-BH-A0DL,64,M0,N0,Stage IIA,T2,Left,,Other,,Positive,Negative,Other,2007-00-00,,3,Negative,Post (prior bilateral ovariectomy OR >12 mo since LMP with no prior hysterectomy),0,A0DL,NO,NO,WHITE,BH,LIVING
TCGA-BH-A0DX,62,M0,N0,Stage I,T1b,Left Upper Inner Quadrant,,Infiltrating Ductal,,Positive,Positive,Other,2007-00-00,,11,Negative,Post (prior bilateral ovariectomy OR >12 mo since LMP with no prior hysterectomy),0,A0DX,NO,NO,WHITE,BH,LIVING
TCGA-BH-A0E9,53,M0,N1a,Stage IIB,T2,Right,,Infiltrating Lobular,,Positive,Positive,Modified Radical Mastectomy,2006-00-00,,12,Negative,Post (prior bilateral ovariectomy OR >12 mo since LMP with no prior hysterectomy),3,A0E9,NO,NO,WHITE,BH,LIVING
TCGA-BH-A0EA,72,M0,N1a,Stage IIA,T1c,Left,,Infiltrating Ductal,,Positive,Positive,Other,2008-00-00,,4,Negative,Post (prior bilateral ovariectomy OR >12 mo since LMP with no prior hysterectomy),2,A0EA,NO,YES,WHITE,BH,DECEASED
TCGA-BH-A0EI,51,M0,N1a,Stage IIA,T1c,Right,,Infiltrating Ductal,,Positive,Positive,Other,2008-00-00,,2,Negative,Peri (6-12 months since last menstrual period),4,A0EI,NO,NO,WHITE,BH,LIVING
TCGA-BH-A0H5,45,M0,N0 (i-),Stage I,T1c,Right Upper Outer Quadrant,,Infiltrating Ductal,,Positive,Positive,Other,2008-00-00,,1,Negative,Post (prior bilateral ovariectomy OR >12 mo since LMP with no prior hysterectomy),0,A0H5,NO,NO,WHITE,BH,LIVING
TCGA-BH-A0W7,49,M0,N0 (i-),Stage IA,T1c,Left Upper Outer Quadrant,Sentinel node biopsy alone,Infiltrating Ductal,,Positive,Positive,Other,2008-00-00,,2,Negative,,0,A0W7,NO,NO,WHITE,BH,LIVING
TCGA-E2-A1IL,78,M0,N1a,Stage IIA,T1c,Left Upper Outer Quadrant,Sentinel node biopsy alone,Infiltrating Lobular,,Positive,Positive,Lumpectomy,2009-00-00,,4,Negative,Post (prior bilateral ovariectomy OR >12 mo since LMP with no prior hysterectomy),1,A1IL,NO,NO,WHITE,E2,LIVING
TCGA-E2-A1IP,42,M0,N1mi,Stage IIB,T2,Left Upper Outer Quadrant,Sentinel node biopsy alone,Infiltrating Ductal,,Positive,Negative,Lumpectomy,2010-00-00,1+,3,Negative,Pre (<6 months since LMP AND no prior bilateral ovariectomy AND not on estrogen replacement),1,A1IP,NO,NO,,E2,LIVING
TCGA-E2-A1IU,60,M0,N0 (mol+),Stage IA,T1c,Right Upper Outer Quadrant,Sentinel node biopsy alone,Infiltrating Ductal,,Positive,Positive,Simple Mastectomy,2010-00-00,,11,Negative,Post (prior bilateral ovariectomy OR >12 mo since LMP with no prior hysterectomy),0,A1IU,NO,NO,WHITE,E2,LIVING
TCGA-E2-A1LH,59,M0,N0,Stage I,T1c,Right,Sentinel node biopsy alone,Infiltrating Ductal,,Negative,Negative,Lumpectomy,2002-00-00,,2,Negative,Post (prior bilateral ovariectomy OR >12 mo since LMP with no prior hysterectomy),0,A1LH,NO,NO,WHITE,E2,LIVING
TCGA-E2-A1LK,84,M0,N3a,Stage IIIC,T4b,Left Upper Outer Quadrant|Left Lower Outer Quadrant,Axillary lymph node dissection alone,Infiltrating Ductal,,Negative,Negative,Modified Radical Mastectomy,2008-00-00,2+,15,Negative,Post (prior bilateral ovariectomy OR >12 mo since LMP with no prior hysterectomy),11,A1LK,NO,NO,BLACK OR AFRICAN AMERICAN,E2,DECEASED
TCGA-E2-A1IJ,57,M0,N0,Stage I,T1c,Right Upper Outer Quadrant,Sentinel node biopsy alone,Infiltrating Lobular,,Positive,Positive,Lumpectomy,2009-00-00,2+,3,Negative,Post (prior bilateral ovariectomy OR >12 mo since LMP with no prior hysterectomy),0,A1IJ,NO,NO,WHITE,E2,LIVING
TCGA-E2-A1LB,41,M0,N1,Stage IIB,T2,Right Upper Outer Quadrant,Axillary lymph node dissection alone,Infiltrating Ductal,,Negative,Negative,Lumpectomy,2008-00-00,3+,25,Negative,Pre (<6 months since LMP AND no prior bilateral ovariectomy AND not on estrogen replacement),2,A1LB,NO,NO,BLACK OR AFRICAN AMERICAN,E2,LIVING
TCGA-E2-A1LL,73,MX,N2a,Stage IIIA,T3,Left Upper Outer Quadrant,Axillary lymph node dissection alone,Infiltrating Ductal,,Negative,Negative,Simple Mastectomy,2008-00-00,1+,44,Negative,Post (prior bilateral ovariectomy OR >12 mo since LMP with no prior hysterectomy),5,A1LL,NO,NO,BLACK OR AFRICAN AMERICAN,E2,LIVING
TCGA-E2-A1LI,57,M0,N1,Stage IIB,T2,Left Upper Outer Quadrant,Sentinel node biopsy alone,Infiltrating Ductal,,Negative,Negative,Lumpectomy,2003-00-00,,2,Close,Post (prior bilateral ovariectomy OR >12 mo since LMP with no prior hysterectomy),0,A1LI,NO,NO,WHITE,E2,LIVING
TCGA-E2-A1LS,46,M0,N0,Stage IA,T1c,Right Lower Outer Quadrant,Sentinel node biopsy alone,Infiltrating Ductal,,Negative,Negative,Simple Mastectomy,2010-00-00,1+,5,Negative,Pre (<6 months since LMP AND no prior bilateral ovariectomy AND not on estrogen replacement),0,A1LS,NO,NO,WHITE,E2,LIVING
TCGA-AR-A2LK,62,M0,N2,Stage III,T3,Right Upper Outer Quadrant|Right Lower Outer Quadrant,Sentinel lymph node biopsy plus axillary dissection,Infiltrating Lobular,Negative,Positive,Positive,Other,2007-00-00,1+,18,Positive,Post (prior bilateral ovariectomy OR >12 mo since LMP with no prior hysterectomy),5,A2LK,NO,NO,WHITE,AR,LIVING
TCGA-AO-A1KO,46,M0,N0 (i+),Stage IIB,T3,Left Upper Outer Quadrant|Left Lower Outer Quadrant|Left,Sentinel lymph node biopsy plus axillary dissection,Infiltrating Lobular,,Positive,Positive,Modified Radical Mastectomy,2008-00-00,1+,19,Negative,Pre (<6 months since LMP AND no prior bilateral ovariectomy AND not on estrogen replacement),0,A1KO,NO,NO,WHITE,AO,LIVING
TCGA-AO-A1KP,77,M0,N1,Stage IIA,T1,Left Lower Inner Quadrant|Left Lower Outer Quadrant|Left,Sentinel lymph node biopsy plus axillary dissection,Infiltrating Ductal,,Positive,Positive,Modified Radical Mastectomy,2003-00-00,1+,9,Negative,Post (prior bilateral ovariectomy OR >12 mo since LMP with no prior hysterectomy),0,A1KP,NO,NO,WHITE,AO,LIVING
TCGA-AO-A1KQ,84,M0,N1,Stage IIIB,T4,Left Upper Inner Quadrant|Left Upper Outer Quadrant|Left Lower Inner Quadrant|Left,Sentinel lymph node biopsy plus axillary dissection,Infiltrating Ductal,,Positive,Positive,Modified Radical Mastectomy,2006-00-00,1+,9,Negative,,2,A1KQ,NO,NO,WHITE,AO,LIVING
TCGA-AO-A1KS,69,M0,N0 (i-),Stage IIA,T2,Left Lower Inner Quadrant|Left Lower Outer Quadrant|Left,Sentinel node biopsy alone,Infiltrating Lobular,,Positive,Positive,Lumpectomy,2010-00-00,2+,5,Negative,Post (prior bilateral ovariectomy OR >12 mo since LMP with no prior hysterectomy),0,A1KS,NO,NO,WHITE,AO,LIVING
TCGA-AO-A1KT,78,M0,N1,Stage IIA,T1,Left Upper Outer Quadrant|Left,Sentinel node biopsy alone,Infiltrating Ductal,,Positive,Positive,Lumpectomy,2009-00-00,2+,5,Negative,Post (prior bilateral ovariectomy OR >12 mo since LMP with no prior hysterectomy),1,A1KT,NO,NO,WHITE,AO,LIVING
TCGA-AR-A24H,65,M0,N0,Stage IIA,T2,Right Lower Inner Quadrant|Right Lower Outer Quadrant,Sentinel lymph node biopsy plus axillary dissection,Infiltrating Lobular,,Positive,Positive,Other,2001-00-00,1+,4,Negative,Post (prior bilateral ovariectomy OR >12 mo since LMP with no prior hysterectomy),0,A24H,NO,NO,WHITE,AR,LIVING
TCGA-AR-A24R,45,M0,N2,Stage IIIA,T1,Right Upper Inner Quadrant|Right Upper Outer Quadrant,Sentinel lymph node biopsy plus axillary dissection,Infiltrating Ductal,,Positive,Positive,Other,2006-00-00,1+,28,Negative,Pre (<6 months since LMP AND no prior bilateral ovariectomy AND not on estrogen replacement),6,A24R,NO,NO,WHITE,AR,LIVING
TCGA-AR-A24U,47,M0,N1,Stage IIA,T1,Left Upper Outer Quadrant|Left Lower Outer Quadrant,Sentinel lymph node biopsy plus axillary dissection,Infiltrating Ductal,Negative,Negative,Negative,Simple Mastectomy,2006-00-00,3+,25,Positive,Pre (<6 months since LMP AND no prior bilateral ovariectomy AND not on estrogen replacement),2,A24U,NO,NO,WHITE,AR,LIVING
TCGA-AR-A254,50,M0,N2,Stage IIIA,T2,Left Upper Inner Quadrant|Left Lower Inner Quadrant,Sentinel lymph node biopsy plus axillary dissection,Infiltrating Ductal,,Positive,Positive,Other,2007-00-00,3+,30,Negative,Pre (<6 months since LMP AND no prior bilateral ovariectomy AND not on estrogen replacement),9,A254,NO,NO,WHITE,AR,LIVING
TCGA-E2-A1IN,60,M0,N0,Stage I,T1c,Right,Sentinel node biopsy alone,Infiltrating Ductal,,Positive,Positive,Lumpectomy,2010-00-00,1+,2,Negative,Post (prior bilateral ovariectomy OR >12 mo since LMP with no prior hysterectomy),0,A1IN,NO,NO,WHITE,E2,LIVING
TCGA-E2-A1L6,44,M0,N1mi,Stage IIA,T1c,Left Upper Outer Quadrant,Sentinel lymph node biopsy plus axillary dissection,Infiltrating Ductal,,Positive,Positive,Simple Mastectomy,2007-00-00,1+,6,Negative,Pre (<6 months since LMP AND no prior bilateral ovariectomy AND not on estrogen replacement),1,A1L6,NO,NO,WHITE,E2,LIVING
TCGA-E2-A1L8,52,M0,N1a,Stage IIA,T2,Left Upper Outer Quadrant,Sentinel lymph node biopsy plus axillary dissection,Infiltrating Lobular,,Positive,Positive,Simple Mastectomy,2008-00-00,2+,13,Negative,Post (prior bilateral ovariectomy OR >12 mo since LMP with no prior hysterectomy),2,A1L8,NO,YES,BLACK OR AFRICAN AMERICAN,E2,LIVING
TCGA-E2-A1L9,40,M0,N1mi,Stage IIA,T1c,Right,Sentinel node biopsy alone,Infiltrating Ductal,,Positive,Positive,Lumpectomy,2009-00-00,,2,Negative,Pre (<6 months since LMP AND no prior bilateral ovariectomy AND not on estrogen replacement),1,A1L9,NO,NO,WHITE,E2,LIVING
TCGA-AR-A2LQ,59,M0,N0,Stage II,T3,Right Upper Inner Quadrant|Right Upper Outer Quadrant,Sentinel lymph node biopsy plus axillary dissection,Infiltrating Lobular,,Positive,Positive,Simple Mastectomy,2010-00-00,1+,3,Negative,Post (prior bilateral ovariectomy OR >12 mo since LMP with no prior hysterectomy),0,A2LQ,NO,NO,WHITE,AR,LIVING
TCGA-E2-A1LE,71,M0,N3a,Stage IIIC,T2,Right Upper Inner Quadrant|Right Lower Inner Quadrant,Sentinel lymph node biopsy plus axillary dissection,Infiltrating Ductal,,Negative,Negative,Simple Mastectomy,2008-00-00,3+,28,Negative,Post (prior bilateral ovariectomy OR >12 mo since LMP with no prior hysterectomy),27,A1LE,NO,NO,WHITE,E2,DECEASED
TCGA-AR-A0U3,59,M0,N1,Stage IIB,T2,Left Upper Inner Quadrant|Left Upper Outer Quadrant,Sentinel lymph node biopsy plus axillary dissection,Infiltrating Ductal,,Positive,Positive,Other,2004-00-00,1+,4,Negative,Post (prior bilateral ovariectomy OR >12 mo since LMP with no prior hysterectomy),1,A0U3,NO,NO,WHITE,AR,LIVING
TCGA-BH-A0HN,67,M0,N0 (i-),Stage IA,T1c,Left Upper Inner Quadrant|Left Upper Outer Quadrant|Left,Sentinel node biopsy alone,Infiltrating Ductal,Negative,Positive,Positive,Lumpectomy,2009-00-00,2+,2,Positive,Post (prior bilateral ovariectomy OR >12 mo since LMP with no prior hysterectomy),0,A0HN,NO,NO,WHITE,BH,LIVING
TCGA-AO-A03M,29,M0,N0 (i-),Stage IA,T1c,Left Upper Outer Quadrant|Left,Sentinel node biopsy alone,Infiltrating Ductal,,Positive,Positive,Simple Mastectomy,2006-00-00,2+,2,Negative,Pre (<6 months since LMP AND no prior bilateral ovariectomy AND not on estrogen replacement),0,A03M,NO,NO,WHITE,AO,LIVING
TCGA-AO-A0JI,56,M0,N1,Stage IIA,T1c,Left Upper Outer Quadrant|Left,Sentinel lymph node biopsy plus axillary dissection,Infiltrating Ductal,,Positive,Negative,Modified Radical Mastectomy,2007-00-00,1+,10,Negative,Post (prior bilateral ovariectomy OR >12 mo since LMP with no prior hysterectomy),0,A0JI,NO,YES,WHITE,AO,LIVING
TCGA-BH-A0DP,60,M0,N0 (i-),Stage IIB,T3,Right,Sentinel node biopsy alone,Infiltrating Lobular,,Positive,Positive,Simple Mastectomy,2009-00-00,0,4,Negative,Post (prior bilateral ovariectomy OR >12 mo since LMP with no prior hysterectomy),0,A0DP,NO,NO,WHITE,BH,LIVING
TCGA-BH-A0E0,38,M0,N3a,Stage IIIC,T3,Left Upper Outer Quadrant|Left Lower Outer Quadrant|Left,Axillary lymph node dissection alone,Infiltrating Ductal,,Negative,Negative,Modified Radical Mastectomy,2009-00-00,1+,21,Negative,Pre (<6 months since LMP AND no prior bilateral ovariectomy AND not on estrogen replacement),10,A0E0,NO,NO,WHITE,BH,LIVING
TCGA-BH-A0E2,49,M0,N2a,Stage IIIA,T2,Right Upper Inner Quadrant|Right,Axillary lymph node dissection alone,Infiltrating Ductal,,Positive,Positive,Modified Radical Mastectomy,2009-00-00,1+,26,Negative,Pre (<6 months since LMP AND no prior bilateral ovariectomy AND not on estrogen replacement),4,A0E2,NO,NO,BLACK OR AFRICAN AMERICAN,BH,LIVING
TCGA-BH-A0GZ,62,M0,N1a,Stage IIA,T1c,Left Upper Inner Quadrant|Left,Sentinel lymph node biopsy plus axillary dissection,Infiltrating Ductal,Negative,Positive,Positive,Lumpectomy,2009-00-00,2+,14,Negative,Post (prior bilateral ovariectomy OR >12 mo since LMP with no prior hysterectomy),1,A0GZ,NO,NO,WHITE,BH,LIVING
TCGA-BH-A0H6,82,M0,NX,Stage I,T1b,Right Upper Inner Quadrant|Right Upper Outer Quadrant|Right,No axillary staging,Infiltrating Ductal,,Positive,Positive,Lumpectomy,2008-00-00,1+,0,Negative,Post (prior bilateral ovariectomy OR >12 mo since LMP with no prior hysterectomy),0,A0H6,NO,NO,WHITE,BH,LIVING
TCGA-BH-A0H7,65,M0,N2a,Stage IIIA,T1c,Right Upper Inner Quadrant|Right Upper Outer Quadrant|Right Lower Inner Quadrant|Right Lower Outer Quadrant|Right,Axillary lymph node dissection alone,Infiltrating Ductal,,Positive,Positive,Modified Radical Mastectomy,2008-00-00,1+,16,Negative,Post (prior bilateral ovariectomy OR >12 mo since LMP with no prior hysterectomy),6,A0H7,NO,NO,WHITE,BH,LIVING
TCGA-BH-A0H9,69,M0,N0 (i-),Stage IIA,T2,Right Upper Outer Quadrant|Right,Sentinel node biopsy alone,Infiltrating Ductal,,Positive,Positive,Lumpectomy,2007-00-00,2+,1,Negative,Post (prior bilateral ovariectomy OR >12 mo since LMP with no prior hysterectomy),0,A0H9,NO,NO,WHITE,BH,LIVING
TCGA-BH-A0HB,55,M0,N0 (i-),Stage IA,T1c,Right Upper Outer Quadrant|Right,Sentinel node biopsy alone,Infiltrating Ductal,,Positive,Positive,Lumpectomy,2008-00-00,2+,2,Negative,Post (prior bilateral ovariectomy OR >12 mo since LMP with no prior hysterectomy),0,A0HB,NO,NO,WHITE,BH,LIVING
TCGA-BH-A0HK,81,M0,N1,Stage IIB,T2,Right Upper Inner Quadrant|Right,Axillary lymph node dissection alone,Infiltrating Ductal,,Positive,Negative,Modified Radical Mastectomy,2010-00-00,0,17,Negative,Post (prior bilateral ovariectomy OR >12 mo since LMP with no prior hysterectomy),2,A0HK,NO,NO,WHITE,BH,LIVING
TCGA-BH-A0HX,54,M0,N1a,Stage IIB,T2,Left Upper Inner Quadrant|Left Upper Outer Quadrant|Left Lower Inner Quadrant|Left Lower Outer Quadrant|Left,Sentinel lymph node biopsy plus axillary dissection,Infiltrating Ductal,,Positive,Positive,Simple Mastectomy,2008-00-00,,24,Negative,Post (prior bilateral ovariectomy OR >12 mo since LMP with no prior hysterectomy),2,A0HX,NO,NO,WHITE,BH,LIVING
TCGA-AR-A1AL,60,M0,N1,Stage IIIA,T3,Left Upper Inner Quadrant|Left Upper Outer Quadrant,Sentinel lymph node biopsy plus axillary dissection,Infiltrating Lobular,,Positive,Positive,Simple Mastectomy,2006-00-00,1+,15,Negative,Post (prior bilateral ovariectomy OR >12 mo since LMP with no prior hysterectomy),3,A1AL,NO,NO,WHITE,AR,LIVING
TCGA-AR-A1AQ,49,M0,N0,Stage IIA,T2,Right Upper Inner Quadrant|Right Upper Outer Quadrant,Sentinel lymph node biopsy plus axillary dissection,Infiltrating Ductal,,Negative,Negative,Other,2007-00-00,2+,6,Negative,Post (prior bilateral ovariectomy OR >12 mo since LMP with no prior hysterectomy),0,A1AQ,NO,NO,WHITE,AR,LIVING
TCGA-AR-A1AU,39,M0,N2,Stage IIIA,T2,Right Upper Inner Quadrant|Right Upper Outer Quadrant,Sentinel lymph node biopsy plus axillary dissection,Infiltrating Ductal,,Positive,Positive,Other,2007-00-00,2+,37,Negative,Pre (<6 months since LMP AND no prior bilateral ovariectomy AND not on estrogen replacement),4,A1AU,NO,NO,WHITE,AR,LIVING
TCGA-AR-A1AX,64,M0,N0,Stage I,T1,Left Upper Inner Quadrant|Left Upper Outer Quadrant,Sentinel lymph node biopsy plus axillary dissection,Infiltrating Ductal,,Positive,Positive,Other,2007-00-00,3+,8,Negative,Post (prior bilateral ovariectomy OR >12 mo since LMP with no prior hysterectomy),0,A1AX,NO,NO,WHITE,AR,LIVING
TCGA-BH-A0DV,54,M0,N2a,Stage IIIA,T2,Left Upper Inner Quadrant|Left Lower Inner Quadrant|Left Lower Outer Quadrant|Left,,Infiltrating Ductal,,Positive,Positive,Other,2007-00-00,,9,Negative,Peri (6-12 months since last menstrual period),9,A0DV,NO,NO,WHITE,BH,LIVING
TCGA-E2-A15K,58,M0,N1a,Stage IIA,T2,Right Upper Outer Quadrant,Axillary lymph node dissection alone,Infiltrating Ductal,,Positive,Positive,Lumpectomy,2010-00-00,2+,17,Negative,Post (prior bilateral ovariectomy OR >12 mo since LMP with no prior hysterectomy),2,A15K,NO,NO,WHITE,E2,LIVING
TCGA-E2-A1AZ,63,M0,N1a,Stage IIB,T2,Left Upper Inner Quadrant,Sentinel node biopsy alone,Infiltrating Ductal,,Negative,Negative,Lumpectomy,2004-00-00,,3,Negative,Post (prior bilateral ovariectomy OR >12 mo since LMP with no prior hysterectomy),1,A1AZ,NO,NO,WHITE,E2,LIVING
TCGA-E2-A1B0,50,M0,N2,Stage IIIA,T2,Left Upper Outer Quadrant,Sentinel lymph node biopsy plus axillary dissection,Infiltrating Ductal,,Negative,Negative,Modified Radical Mastectomy,2007-00-00,3+,28,Negative,Post (prior bilateral ovariectomy OR >12 mo since LMP with no prior hysterectomy),6,A1B0,NO,NO,WHITE,E2,LIVING
TCGA-E2-A1B1,45,M0,N1,Stage IIB,T2,Left Upper Outer Quadrant,Sentinel node biopsy alone,Infiltrating Ductal,,Positive,Positive,Lumpectomy,2007-00-00,2+,6,Negative,Post (prior bilateral ovariectomy OR >12 mo since LMP with no prior hysterectomy),1,A1B1,NO,NO,WHITE,E2,LIVING
TCGA-E2-A1B4,74,M0,N2a,Stage IIIA,T1c,Left Upper Inner Quadrant,Sentinel node biopsy alone,Infiltrating Ductal,,Positive,Positive,Lumpectomy,2008-00-00,1+,4,Negative,Post (prior bilateral ovariectomy OR >12 mo since LMP with no prior hysterectomy),3,A1B4,NO,NO,WHITE,E2,LIVING
TCGA-E2-A1B5,46,M0,N0,Stage IIA,T2,Left,Sentinel node biopsy alone,Infiltrating Lobular,,Positive,Positive,Lumpectomy,2008-00-00,,5,Negative,Pre (<6 months since LMP AND no prior bilateral ovariectomy AND not on estrogen replacement),0,A1B5,NO,NO,WHITE,E2,LIVING
TCGA-E2-A1B6,44,M0,N0,Stage IIA,T2,Left,Sentinel node biopsy alone,Infiltrating Ductal,,Negative,Negative,Simple Mastectomy,2008-00-00,2+,5,Negative,Pre (<6 months since LMP AND no prior bilateral ovariectomy AND not on estrogen replacement),0,A1B6,NO,NO,WHITE,E2,LIVING
TCGA-E2-A1BD,53,M0,N0,Stage IIA,T2,Right Upper Outer Quadrant,Sentinel node biopsy alone,Infiltrating Ductal,,Positive,Positive,Lumpectomy,2010-00-00,2+,1,Negative,Post (prior bilateral ovariectomy OR >12 mo since LMP with no prior hysterectomy),0,A1BD,NO,NO,WHITE,E2,LIVING
TCGA-AO-A0J3,67,M0,N1b,Stage IIB,T2,Right Upper Inner Quadrant|Right Upper Outer Quadrant|Right Lower Inner Quadrant|Right Lower Outer Quadrant|Right,Axillary lymph node dissection alone,Other,,Positive,Positive,Modified Radical Mastectomy,2009-00-00,2+,36,Negative,Post (prior bilateral ovariectomy OR >12 mo since LMP with no prior hysterectomy),1,A0J3,NO,NO,WHITE,AO,LIVING
TCGA-AO-A0J4,41,M0,N0 (i-),Stage IA,T1c,Left Upper Outer Quadrant|Left,Sentinel node biopsy alone,Infiltrating Ductal,,Negative,Negative,Lumpectomy,2009-00-00,,4,Negative,Pre (<6 months since LMP AND no prior bilateral ovariectomy AND not on estrogen replacement),0,A0J4,NO,NO,BLACK OR AFRICAN AMERICAN,AO,LIVING
TCGA-AO-A0J5,48,M1,N1a,Stage IV,T4,Right Upper Inner Quadrant|Right Upper Outer Quadrant|Right Lower Inner Quadrant|Right Lower Outer Quadrant|Right,Axillary lymph node dissection alone,Other,,Positive,Negative,Modified Radical Mastectomy,2008-00-00,2+,2,Close,Pre (<6 months since LMP AND no prior bilateral ovariectomy AND not on estrogen replacement),2,A0J5,YES,NO,WHITE,AO,LIVING
TCGA-AO-A0J6,61,M0,N0 (i-),Stage IIA,T2,Left Upper Outer Quadrant|Left,Sentinel node biopsy alone,Infiltrating Ductal,,Negative,Negative,Lumpectomy,2008-00-00,0,4,Negative,Post (prior bilateral ovariectomy OR >12 mo since LMP with no prior hysterectomy),0,A0J6,NO,NO,WHITE,AO,LIVING
TCGA-AO-A0J7,71,M0,N1,Stage IIB,T2,Left Upper Inner Quadrant|Left Lower Inner Quadrant|Left,Sentinel lymph node biopsy plus axillary dissection,Other,,Positive,Positive,Modified Radical Mastectomy,2009-00-00,1+,11,Negative,Post (prior bilateral ovariectomy OR >12 mo since LMP with no prior hysterectomy),3,A0J7,NO,NO,WHITE,AO,LIVING
TCGA-AO-A0J8,61,M0,N0 (i+),Stage IIA,T2,Right Upper Outer Quadrant|Right,Sentinel node biopsy alone,Infiltrating Lobular,,Positive,Positive,Lumpectomy,2009-00-00,1+,2,Negative,Post (prior bilateral ovariectomy OR >12 mo since LMP with no prior hysterectomy),0,A0J8,NO,NO,WHITE,AO,LIVING
TCGA-AO-A0J9,61,M0,N3,Stage IIIC,T2,Right Upper Inner Quadrant|Right Upper Outer Quadrant|Right,Sentinel lymph node biopsy plus axillary dissection,Infiltrating Lobular,Negative,Positive,Positive,Lumpectomy,2007-00-00,,32,Positive,Post (prior bilateral ovariectomy OR >12 mo since LMP with no prior hysterectomy),15,A0J9,NO,NO,WHITE,AO,LIVING
TCGA-BH-A0E6,69,M0,N0 (i-),Stage IA,T1c,Left Upper Inner Quadrant|Left Upper Outer Quadrant|Left,Sentinel node biopsy alone,Infiltrating Ductal,,Negative,Negative,Lumpectomy,2009-00-00,2+,1,Negative,Post (prior bilateral ovariectomy OR >12 mo since LMP with no prior hysterectomy),0,A0E6,NO,NO,WHITE,BH,LIVING
TCGA-BH-A0E7,79,M0,N1a,Stage IIB,T2,Left Upper Outer Quadrant|Left,Axillary lymph node dissection alone,Infiltrating Ductal,,Positive,Positive,Lumpectomy,2006-00-00,1+,17,Negative,Post (prior bilateral ovariectomy OR >12 mo since LMP with no prior hysterectomy),1,A0E7,NO,NO,WHITE,BH,LIVING
TCGA-BH-A0EB,69,M0,N0 (i-),Stage IA,T1c,Right Lower Inner Quadrant|Right,Sentinel lymph node biopsy plus axillary dissection,Infiltrating Ductal,,Positive,Positive,Lumpectomy,2008-00-00,2+,4,Negative,Post (prior bilateral ovariectomy OR >12 mo since LMP with no prior hysterectomy),0,A0EB,NO,NO,WHITE,BH,LIVING
TCGA-BH-A0EE,68,M0,N0 (i-),Stage IIB,T3,Right Upper Inner Quadrant|Right,Sentinel node biopsy alone,Infiltrating Ductal,,Negative,Negative,Simple Mastectomy,2007-00-00,3+,1,Negative,Post (prior bilateral ovariectomy OR >12 mo since LMP with no prior hysterectomy),0,A0EE,NO,NO,WHITE,BH,LIVING
TCGA-AO-A03O,69,M0,N0 (i-),Stage IIA,T2,Right Upper Outer Quadrant|Right,Sentinel lymph node biopsy plus axillary dissection,Infiltrating Ductal,,Positive,Positive,Modified Radical Mastectomy,2002-00-00,1+,17,Negative,Post (prior bilateral ovariectomy OR >12 mo since LMP with no prior hysterectomy),0,A03O,NO,NO,BLACK OR AFRICAN AMERICAN,AO,DECEASED
TCGA-AO-A03P,54,M0,N1,Stage IIA,T2,Right Upper Outer Quadrant|Right,Sentinel lymph node biopsy plus axillary dissection,Infiltrating Ductal,,Positive,Positive,Lumpectomy,2003-00-00,0,26,Close,Post (prior bilateral ovariectomy OR >12 mo since LMP with no prior hysterectomy),0,A03P,NO,NO,BLACK OR AFRICAN AMERICAN,AO,LIVING
TCGA-BH-A0AY,62,M0,N0 (i-),Stage IIA,T2,Left Lower Outer Quadrant|Left,Sentinel node biopsy alone,Infiltrating Ductal,,Positive,Positive,Simple Mastectomy,2008-00-00,0,1,Negative,Post (prior bilateral ovariectomy OR >12 mo since LMP with no prior hysterectomy),0,A0AY,NO,NO,WHITE,BH,LIVING
TCGA-BH-A0BV,78,M0,N1a,Stage IIB,T2,Right Upper Inner Quadrant|Right,Sentinel lymph node biopsy plus axillary dissection,Infiltrating Ductal,,Positive,Positive,Modified Radical Mastectomy,2006-00-00,0,25,Negative,Post (prior bilateral ovariectomy OR >12 mo since LMP with no prior hysterectomy),2,A0BV,NO,NO,WHITE,BH,LIVING
TCGA-BH-A0DZ,43,M0,N1a,Stage IIB,T2,Right Upper Inner Quadrant|Right Upper Outer Quadrant|Right Lower Inner Quadrant|Right Lower Outer Quadrant|Right,Sentinel lymph node biopsy plus axillary dissection,Infiltrating Ductal,,Positive,Positive,Simple Mastectomy,2009-00-00,3+,5,Negative,Pre (<6 months since LMP AND no prior bilateral ovariectomy AND not on estrogen replacement),1,A0DZ,NO,NO,WHITE,BH,LIVING
TCGA-AO-A03V,41,M0,N0 (i-),Stage IA,T1c,Left Upper Inner Quadrant|Left,Sentinel node biopsy alone,Infiltrating Ductal,,Positive,Positive,Simple Mastectomy,2008-00-00,0,2,Negative,Peri (6-12 months since last menstrual period),0,A03V,NO,NO,WHITE,AO,LIVING
TCGA-AO-A12A,47,M0,N0 (i+),Stage IIA,T2,Right Upper Outer Quadrant|Right,Sentinel lymph node biopsy plus axillary dissection,Infiltrating Ductal,,Positive,Positive,Modified Radical Mastectomy,2003-00-00,1+,27,Close,Pre (<6 months since LMP AND no prior bilateral ovariectomy AND not on estrogen replacement),0,A12A,NO,NO,WHITE,AO,LIVING
TCGA-AO-A12D,43,M0,N1a,Stage IIA,T1c,Left Upper Outer Quadrant|Left,Sentinel lymph node biopsy plus axillary dissection,Infiltrating Ductal,,Negative,Negative,Modified Radical Mastectomy,2005-00-00,3+,16,Negative,Pre (<6 months since LMP AND no prior bilateral ovariectomy AND not on estrogen replacement),1,A12D,NO,NO,WHITE,AO,LIVING
TCGA-AO-A12F,36,M0,N0 (i-),Stage IIA,T2,Right Upper Outer Quadrant|Right,Sentinel node biopsy alone,Infiltrating Ductal,,Negative,Negative,Simple Mastectomy,2006-00-00,1+,17,Negative,Pre (<6 months since LMP AND no prior bilateral ovariectomy AND not on estrogen replacement),0,A12F,NO,NO,WHITE,AO,LIVING
TCGA-AO-A12H,69,M0,N0 (i-),Stage IIA,T2,Right Upper Outer Quadrant|Right,Sentinel node biopsy alone,Other,,Positive,Positive,Simple Mastectomy,2008-00-00,0,10,Negative,Pre (<6 months since LMP AND no prior bilateral ovariectomy AND not on estrogen replacement),0,A12H,NO,NO,BLACK OR AFRICAN AMERICAN,AO,LIVING
TCGA-E2-A10A,41,M0,N0 (i-),Stage IIB,T3,Left Upper Outer Quadrant,Sentinel node biopsy alone,Infiltrating Ductal,,Positive,Positive,Simple Mastectomy,2007-00-00,2+,3,Negative,Pre (<6 months since LMP AND no prior bilateral ovariectomy AND not on estrogen replacement),0,A10A,NO,NO,WHITE,E2,LIVING
TCGA-E2-A14O,76,M0,N1a,Stage IIIA,T3,Left Upper Outer Quadrant,Sentinel lymph node biopsy plus axillary dissection,Infiltrating Ductal,,Positive,Positive,Modified Radical Mastectomy,2008-00-00,2+,18,Negative,Post (prior bilateral ovariectomy OR >12 mo since LMP with no prior hysterectomy),2,A14O,NO,NO,WHITE,E2,LIVING
TCGA-E2-A14R,62,M0,N0,Stage IIA,T2,Left,Sentinel lymph node biopsy plus axillary dissection,Infiltrating Ductal,,Negative,Negative,Lumpectomy,2008-00-00,1+,8,Negative,Post (prior bilateral ovariectomy OR >12 mo since LMP with no prior hysterectomy),0,A14R,NO,NO,WHITE,E2,LIVING
TCGA-E2-A14T,52,M0,N0,Stage IIA,T2,Left Upper Inner Quadrant,Sentinel node biopsy alone,Infiltrating Ductal,,Positive,Positive,Simple Mastectomy,2008-00-00,1+,7,Negative,Post (prior bilateral ovariectomy OR >12 mo since LMP with no prior hysterectomy),0,A14T,NO,NO,WHITE,E2,LIVING
TCGA-E2-A14X,55,M0,N2,Stage IIIA,T2,Right Upper Outer Quadrant,Sentinel lymph node biopsy plus axillary dissection,Infiltrating Ductal,,Negative,Negative,Lumpectomy,2009-00-00,1+,21,Negative,Post (prior bilateral ovariectomy OR >12 mo since LMP with no prior hysterectomy),5,A14X,NO,NO,BLACK OR AFRICAN AMERICAN,E2,LIVING
TCGA-E2-A14Z,64,M0,N0,Stage I,T1c,Left Upper Outer Quadrant,Sentinel node biopsy alone,Infiltrating Ductal,,Positive,Positive,Lumpectomy,2009-00-00,1+,1,Negative,Post (prior bilateral ovariectomy OR >12 mo since LMP with no prior hysterectomy),0,A14Z,NO,NO,WHITE,E2,LIVING
TCGA-E2-A154,68,M0,N0,Stage I,T1c,Left Upper Outer Quadrant,Sentinel node biopsy alone,Infiltrating Ductal,,Positive,Positive,Lumpectomy,2009-00-00,1+,2,Negative,Post (prior bilateral ovariectomy OR >12 mo since LMP with no prior hysterectomy),0,A154,NO,NO,WHITE,E2,LIVING
TCGA-E2-A159,50,M0,N0,Stage IIA,T2,Left Lower Outer Quadrant,Sentinel node biopsy alone,Infiltrating Ductal,,Negative,Negative,Lumpectomy,2009-00-00,,4,Negative,Pre (<6 months since LMP AND no prior bilateral ovariectomy AND not on estrogen replacement),0,A159,NO,NO,WHITE,E2,LIVING
TCGA-E2-A15D,47,M0,N0,Stage IIA,T2,Right,Sentinel node biopsy alone,Infiltrating Ductal,,Positive,Positive,Lumpectomy,2009-00-00,2+,4,Negative,Pre (<6 months since LMP AND no prior bilateral ovariectomy AND not on estrogen replacement),0,A15D,NO,NO,WHITE,E2,LIVING
TCGA-E2-A15F,64,M0,N0,Stage I,T1c,Left Upper Outer Quadrant,Sentinel node biopsy alone,Infiltrating Ductal,,Positive,Positive,Lumpectomy,2009-00-00,1+,3,Negative,Post (prior bilateral ovariectomy OR >12 mo since LMP with no prior hysterectomy),0,A15F,NO,NO,WHITE,E2,LIVING
TCGA-E2-A15O,89,M0,NX,Stage I,T1c,Left Upper Inner Quadrant,No axillary staging,Infiltrating Ductal,,Positive,Positive,Lumpectomy,2010-00-00,2+,,Negative,Post (prior bilateral ovariectomy OR >12 mo since LMP with no prior hysterectomy),,A15O,NO,YES,BLACK OR AFRICAN AMERICAN,E2,LIVING
TCGA-E2-A15P,61,M0,N0,Stage IA,T1c,Right Upper Outer Quadrant,Sentinel node biopsy alone,Infiltrating Ductal,,Positive,Positive,Lumpectomy,2010-00-00,1+,2,Negative,Post (prior bilateral ovariectomy OR >12 mo since LMP with no prior hysterectomy),0,A15P,NO,NO,WHITE,E2,LIVING
TCGA-E2-A15R,64,M0,N1a,Stage IIA,T1c,Right Upper Outer Quadrant,Sentinel node biopsy alone,Infiltrating Ductal,,Positive,Positive,Lumpectomy,2010-00-00,2+,4,Negative,Post (prior bilateral ovariectomy OR >12 mo since LMP with no prior hysterectomy),3,A15R,NO,NO,WHITE,E2,LIVING
TCGA-E2-A15S,34,M0,N1,Stage IIB,T2,Left Upper Inner Quadrant|Left Upper Outer Quadrant,Sentinel lymph node biopsy plus axillary dissection,Infiltrating Ductal,,Positive,Negative,Simple Mastectomy,2010-00-00,2+,17,Negative,Post (prior bilateral ovariectomy OR >12 mo since LMP with no prior hysterectomy),1,A15S,NO,NO,WHITE,E2,LIVING
TCGA-E2-A15T,65,M0,N0,Stage IIA,T2,Left Upper Outer Quadrant,Sentinel node biopsy alone,Infiltrating Ductal,,Positive,Positive,Simple Mastectomy,2010-00-00,2+,2,Negative,Post (prior bilateral ovariectomy OR >12 mo since LMP with no prior hysterectomy),0,A15T,NO,NO,WHITE,E2,LIVING
TCGA-E2-A14N,37,M0,N1,Stage IIB,T2,Right Upper Inner Quadrant,Sentinel lymph node biopsy plus axillary dissection,Infiltrating Ductal,,Negative,Negative,Simple Mastectomy,2007-00-00,,38,Negative,Pre (<6 months since LMP AND no prior bilateral ovariectomy AND not on estrogen replacement),1,A14N,NO,NO,WHITE,E2,LIVING
TCGA-E2-A15I,44,M0,N0,Stage IIA,T2,Left Upper Outer Quadrant|Left Lower Outer Quadrant,Sentinel node biopsy alone,Infiltrating Ductal,,Positive,Positive,Simple Mastectomy,2009-00-00,2+,4,Negative,Pre (<6 months since LMP AND no prior bilateral ovariectomy AND not on estrogen replacement),0,A15I,NO,NO,WHITE,E2,LIVING
TCGA-AR-A252,50,M0,N0,Stage I,T1,Left Upper Outer Quadrant|Left Lower Outer Quadrant,Sentinel lymph node biopsy plus axillary dissection,Infiltrating Ductal,,Positive,Positive,Other,2007-00-00,,4,Negative,Pre (<6 months since LMP AND no prior bilateral ovariectomy AND not on estrogen replacement),0,A252,NO,NO,WHITE,AR,LIVING
TCGA-E2-A1IE,61,M0,N1,Stage IIB,T2,Right,Sentinel node biopsy alone,Infiltrating Ductal,,Positive,Positive,Lumpectomy,2008-00-00,2+,3,Negative,Post (prior bilateral ovariectomy OR >12 mo since LMP with no prior hysterectomy),1,A1IE,NO,NO,WHITE,E2,LIVING
TCGA-E2-A1IH,80,M0,N0,Stage I,T1c,Right Upper Inner Quadrant,Sentinel node biopsy alone,Infiltrating Lobular,,Positive,Positive,Lumpectomy,2008-00-00,2+,2,Negative,Post (prior bilateral ovariectomy OR >12 mo since LMP with no prior hysterectomy),0,A1IH,NO,NO,WHITE,E2,LIVING
TCGA-AR-A1AR,50,M0,N2,Stage IIIA,T1,Left Lower Inner Quadrant,Axillary lymph node dissection alone,Infiltrating Ductal,,Negative,Negative,Lumpectomy,2007-00-00,,14,Negative,Post (prior bilateral ovariectomy OR >12 mo since LMP with no prior hysterectomy),5,A1AR,NO,YES,WHITE,AR,DECEASED
TCGA-BH-A1EO,68,M0,N1,Stage IIA,T1c,Right,,Other,,Positive,Positive,Other,1999-00-00,,15,,Post (prior bilateral ovariectomy OR >12 mo since LMP with no prior hysterectomy),1,A1EO,NO,NO,WHITE,BH,DECEASED
TCGA-BH-A1ES,35,M0,N1a,Stage IIB,T2,Right Upper Inner Quadrant,,Infiltrating Ductal,,Positive,Positive,Other,1999-00-00,,4,,Pre (<6 months since LMP AND no prior bilateral ovariectomy AND not on estrogen replacement),1,A1ES,NO,NO,WHITE,BH,DECEASED
TCGA-BH-A1ET,55,M0,N0,Stage I,T1,Left,,Infiltrating Ductal,,Positive,Positive,Other,1999-00-00,,19,,,1,A1ET,NO,NO,WHITE,BH,DECEASED
TCGA-BH-A1EU,83,M0,N0,Stage I,T1,Right,,Infiltrating Ductal,,Positive,Positive,,1999-00-00,,,,Post (prior bilateral ovariectomy OR >12 mo since LMP with no prior hysterectomy),,A1EU,NO,NO,WHITE,BH,DECEASED
TCGA-BH-A1EV,45,M0,N1b,Stage IIIA,T3,Left,,Infiltrating Ductal,,Positive,Positive,Modified Radical Mastectomy,1999-00-00,,10,,,3,A1EV,NO,NO,WHITE,BH,DECEASED
TCGA-BH-A1EW,38,M0,N1b,Stage IIA,T2,Left Upper Outer Quadrant,,Infiltrating Ductal,,Negative,Negative,Other,1999-00-00,,16,,Pre (<6 months since LMP AND no prior bilateral ovariectomy AND not on estrogen replacement),1,A1EW,NO,NO,WHITE,BH,DECEASED
TCGA-BH-A1F0,80,M0,N1c,Stage IIA,T1a,Left,,Infiltrating Ductal,,Negative,Indeterminate,Modified Radical Mastectomy,2000-00-00,,9,,Post (prior bilateral ovariectomy OR >12 mo since LMP with no prior hysterectomy),1,A1F0,NO,NO,WHITE,BH,DECEASED
TCGA-AO-A1KR,51,M0,N0,Stage II,T2,Right Upper Inner Quadrant,Sentinel node biopsy alone,Infiltrating Ductal,,Negative,Negative,Simple Mastectomy,2005-00-00,1+,4,Negative,Pre (<6 months since LMP AND no prior bilateral ovariectomy AND not on estrogen replacement),0,A1KR,NO,NO,WHITE,AO,LIVING
TCGA-AR-A2LE,69,M0,N0,Stage I,T1,Right,Sentinel node biopsy alone,Infiltrating Lobular,,Positive,Negative,Other,2001-00-00,,2,Negative,Post (prior bilateral ovariectomy OR >12 mo since LMP with no prior hysterectomy),0,A2LE,NO,NO,WHITE,AR,LIVING
TCGA-AR-A2LL,70,M0,N0,Stage II,T3,Left,Sentinel lymph node biopsy plus axillary dissection,Infiltrating Lobular,,Positive,Positive,Simple Mastectomy,2007-00-00,2+,4,Negative,Post (prior bilateral ovariectomy OR >12 mo since LMP with no prior hysterectomy),0,A2LL,NO,YES,WHITE,AR,LIVING
TCGA-AR-A2LM,49,M0,N1,Stage II,T1,Right,Sentinel lymph node biopsy plus axillary dissection,Infiltrating Lobular,,Positive,Positive,Simple Mastectomy,2007-00-00,,3,Negative,Pre (<6 months since LMP AND no prior bilateral ovariectomy AND not on estrogen replacement),1,A2LM,NO,NO,WHITE,AR,LIVING
TCGA-E2-A2P5,78,M0,N3,Stage IIIC,T2,Left,Axillary lymph node dissection alone,Infiltrating Lobular,,Positive,Positive,Modified Radical Mastectomy,2011-00-00,,25,Negative,Post (prior bilateral ovariectomy OR >12 mo since LMP with no prior hysterectomy),21,A2P5,NO,YES,BLACK OR AFRICAN AMERICAN,E2,LIVING
TCGA-E2-A2P6,77,M0,N1,Stage IIB,T2,Left Upper Outer Quadrant,Sentinel node biopsy alone,Infiltrating Lobular,Negative,Positive,Positive,Lumpectomy,2011-00-00,,5,Positive,Post (prior bilateral ovariectomy OR >12 mo since LMP with no prior hysterectomy),1,A2P6,NO,NO,,E2,LIVING
TCGA-E2-A3DX,43,M0,N3,Stage IIIC,T2,Right,Axillary lymph node dissection alone,Infiltrating Lobular,,Positive,Positive,Modified Radical Mastectomy,2011-00-00,,36,Positive,Pre (<6 months since LMP AND no prior bilateral ovariectomy AND not on estrogen replacement),25,A3DX,NO,NO,WHITE,E2,LIVING
TCGA-BH-A28Q,46,M0,N1a,Stage IIB,T2,Right,,Infiltrating Lobular,,Positive,Positive,Modified Radical Mastectomy,2010-00-00,,18,,Pre (<6 months since LMP AND no prior bilateral ovariectomy AND not on estrogen replacement),2,A28Q,NO,NO,WHITE,BH,LIVING
TCGA-AR-A2LH,55,M0,N3,Stage III,T3,Right Upper Outer Quadrant,Sentinel lymph node biopsy plus axillary dissection,Infiltrating Lobular,,Negative,Negative,Modified Radical Mastectomy,2007-00-00,2+,39,Negative,Post (prior bilateral ovariectomy OR >12 mo since LMP with no prior hysterectomy),29,A2LH,NO,NO,WHITE,AR,DECEASED
TCGA-AR-A2LN,65,M0,N0,Stage II,T2,Right Upper Outer Quadrant,Sentinel lymph node biopsy plus axillary dissection,Infiltrating Lobular,,Positive,Positive,Other,2010-00-00,1+,2,Negative,Post (prior bilateral ovariectomy OR >12 mo since LMP with no prior hysterectomy),0,A2LN,NO,NO,WHITE,AR,LIVING
TCGA-AR-A2LO,46,M0,N1,Stage II,T2,Left Lower Outer Quadrant,Sentinel lymph node biopsy plus axillary dissection,Infiltrating Lobular,,Positive,Positive,Simple Mastectomy,2010-00-00,2+,16,Negative,Pre (<6 months since LMP AND no prior bilateral ovariectomy AND not on estrogen replacement),1,A2LO,NO,NO,WHITE,AR,LIVING
TCGA-AR-A2LR,49,M0,N0,Stage I,T1,Right,Sentinel lymph node biopsy plus axillary dissection,Other,,Negative,Negative,Simple Mastectomy,2010-00-00,,4,Negative,Post (prior bilateral ovariectomy OR >12 mo since LMP with no prior hysterectomy),0,A2LR,NO,YES,WHITE,AR,LIVING
TCGA-AR-A24K,46,M0,N0,Stage IIA,T2,Left Upper Outer Quadrant,Sentinel lymph node biopsy plus axillary dissection,Infiltrating Ductal,,Positive,Positive,Other,2004-00-00,2+,2,Negative,Pre (<6 months since LMP AND no prior bilateral ovariectomy AND not on estrogen replacement),0,A24K,NO,NO,WHITE,AR,LIVING
TCGA-AR-A24L,26,M0,N1,Stage IIB,T2,Right,Sentinel lymph node biopsy plus axillary dissection,Infiltrating Ductal,,Positive,Positive,Other,2005-00-00,2+,12,Negative,Pre (<6 months since LMP AND no prior bilateral ovariectomy AND not on estrogen replacement),2,A24L,NO,NO,WHITE,AR,LIVING
TCGA-AR-A24M,38,M0,N2,Stage IIIA,T2,Left Upper Outer Quadrant,Sentinel lymph node biopsy plus axillary dissection,Mixed Histology,,Positive,Positive,Other,2005-00-00,1+,28,Negative,Pre (<6 months since LMP AND no prior bilateral ovariectomy AND not on estrogen replacement),4,A24M,NO,NO,WHITE,AR,LIVING
TCGA-AR-A24N,54,M0,N0,Stage I,T1,Left Upper Inner Quadrant,Sentinel lymph node biopsy plus axillary dissection,Infiltrating Ductal,,Positive,Positive,Simple Mastectomy,2005-00-00,2+,4,Negative,Peri (6-12 months since last menstrual period),0,A24N,NO,NO,WHITE,AR,LIVING
TCGA-AR-A24O,43,M0,N2,Stage IIIA,T3,Left,,Mixed Histology,Negative,Positive,Positive,Modified Radical Mastectomy,2005-00-00,,19,Positive,Pre (<6 months since LMP AND no prior bilateral ovariectomy AND not on estrogen replacement),7,A24O,NO,NO,WHITE,AR,LIVING
TCGA-AR-A24S,61,M0,N0,Stage I,T1,Right Lower Outer Quadrant,Sentinel lymph node biopsy plus axillary dissection,Infiltrating Ductal,,Positive,Positive,Other,2006-00-00,,4,Negative,Post (prior bilateral ovariectomy OR >12 mo since LMP with no prior hysterectomy),0,A24S,NO,NO,WHITE,AR,LIVING
TCGA-AR-A24V,52,M0,N1,Stage IIB,T2,Right Upper Outer Quadrant,Sentinel lymph node biopsy plus axillary dissection,Infiltrating Ductal,,Positive,Positive,Other,2006-00-00,,2,Negative,Peri (6-12 months since last menstrual period),1,A24V,NO,NO,WHITE,AR,LIVING
TCGA-AR-A24W,55,M0,N1,Stage II,T2,Right Lower Inner Quadrant,Sentinel lymph node biopsy plus axillary dissection,Infiltrating Ductal,,Positive,Positive,Other,2006-00-00,,22,Negative,Post (prior bilateral ovariectomy OR >12 mo since LMP with no prior hysterectomy),3,A24W,NO,NO,WHITE,AR,LIVING
TCGA-AR-A24X,52,M0,N0,Stage IIA,T2,Right Upper Inner Quadrant,Sentinel lymph node biopsy plus axillary dissection,Mixed Histology,,Positive,Positive,Simple Mastectomy,2006-00-00,2+,7,Negative,Pre (<6 months since LMP AND no prior bilateral ovariectomy AND not on estrogen replacement),0,A24X,NO,NO,WHITE,AR,LIVING
TCGA-AR-A251,51,M0,N2,Stage IIIA,T2,Left Upper Outer Quadrant,Sentinel lymph node biopsy plus axillary dissection,Infiltrating Ductal,Negative,Positive,Negative,Other,2006-00-00,2+,7,Positive,Pre (<6 months since LMP AND no prior bilateral ovariectomy AND not on estrogen replacement),4,A251,NO,NO,WHITE,AR,LIVING
TCGA-AR-A255,62,M0,N0,Stage I,T1,Right Lower Inner Quadrant,Sentinel lymph node biopsy plus axillary dissection,Infiltrating Ductal,,Positive,Positive,Other,2007-00-00,3+,2,Negative,Post (prior bilateral ovariectomy OR >12 mo since LMP with no prior hysterectomy),0,A255,NO,NO,WHITE,AR,LIVING
TCGA-AR-A256,45,M0,N0,Stage IIA,T2,Right Lower Inner Quadrant,Sentinel lymph node biopsy plus axillary dissection,Infiltrating Ductal,,Negative,Negative,Other,2001-00-00,1+,5,Negative,Pre (<6 months since LMP AND no prior bilateral ovariectomy AND not on estrogen replacement),0,A256,NO,NO,WHITE,AR,DECEASED
TCGA-E2-A14U,74,M0,N0,Stage I,T2,Right Upper Outer Quadrant,Other (specify),Infiltrating Lobular,,Positive,Positive,Lumpectomy,2008-00-00,2+,8,Negative,Post (prior bilateral ovariectomy OR >12 mo since LMP with no prior hysterectomy),0,A14U,NO,NO,WHITE,E2,LIVING
TCGA-BH-A1EN,78,M0,NX,Stage IIA,T2,Right,,Infiltrating Ductal,,Negative,Negative,Other,1999-00-00,,,Negative,Post (prior bilateral ovariectomy OR >12 mo since LMP with no prior hysterectomy),,A1EN,NO,NO,WHITE,BH,DECEASED
TCGA-BH-A1EY,79,M0,N0,Stage IIA,T2,Left Upper Outer Quadrant,,Infiltrating Ductal,,Positive,Positive,Modified Radical Mastectomy,2000-00-00,,12,,Post (prior bilateral ovariectomy OR >12 mo since LMP with no prior hysterectomy),0,A1EY,NO,NO,WHITE,BH,DECEASED
TCGA-BH-A1F2,53,M0,N1b,Stage IIIB,T4b,Left,,Infiltrating Ductal,,Positive,Positive,Modified Radical Mastectomy,1999-00-00,,19,,,6,A1F2,NO,NO,WHITE,BH,DECEASED
TCGA-BH-A1F5,62,M0,N1a,Stage IIA,T1c,Right,,Infiltrating Ductal,,Positive,Positive,,2002-00-00,,4,,,1,A1F5,NO,YES,WHITE,BH,DECEASED
TCGA-BH-A1F6,51,MX,N2a,,T4d,Left,,Infiltrating Ductal,,Negative,Negative,Modified Radical Mastectomy,1996-00-00,,6,,,6,A1F6,NO,YES,WHITE,BH,DECEASED
TCGA-BH-A1F8,90,M0,N2,Stage IIIB,T4b,Left,,Infiltrating Ductal,,Positive,Positive,Modified Radical Mastectomy,1999-00-00,,13,,Post (prior bilateral ovariectomy OR >12 mo since LMP with no prior hysterectomy),12,A1F8,NO,NO,WHITE,BH,DECEASED
TCGA-BH-A1FB,60,M0,N1b,Stage IIB,T2,Right,,Infiltrating Ductal,,Positive,Positive,,2000-00-00,,15,,Post (prior bilateral ovariectomy OR >12 mo since LMP with no prior hysterectomy),0,A1FB,NO,NO,WHITE,BH,DECEASED
TCGA-BH-A1FC,78,M0,N1b,Stage IIA,T1c,Right Upper Outer Quadrant,,Medullary,,Negative,Negative,Other,1998-00-00,,23,,Post (prior bilateral ovariectomy OR >12 mo since LMP with no prior hysterectomy),1,A1FC,NO,NO,BLACK OR AFRICAN AMERICAN,BH,DECEASED
TCGA-BH-A1FD,68,M0,N0,Stage I,T1c,Left,,Infiltrating Ductal,,Positive,Positive,,1998-00-00,,19,,Post (prior bilateral ovariectomy OR >12 mo since LMP with no prior hysterectomy),0,A1FD,NO,NO,WHITE,BH,DECEASED
TCGA-BH-A1FE,31,M0,N1,Stage IIB,T2,Left,,Infiltrating Ductal,,Positive,Positive,Modified Radical Mastectomy,1998-00-00,,12,,,1,A1FE,NO,NO,WHITE,BH,DECEASED
TCGA-BH-A1FG,88,M0,NX,Stage I,T1c,Left,,Infiltrating Ductal,,Positive,Positive,Other,1998-00-00,,,,Post (prior bilateral ovariectomy OR >12 mo since LMP with no prior hysterectomy),,A1FG,NO,NO,WHITE,BH,DECEASED
TCGA-BH-A1FH,47,M1,N1b,Stage IV,T2,Left Upper Outer Quadrant,,Infiltrating Ductal,,Positive,Negative,Modified Radical Mastectomy,1998-00-00,,13,,,8,A1FH,NO,NO,WHITE,BH,DECEASED
TCGA-BH-A1FJ,66,M0,N1b,Stage IIIA,T3,Right Upper Outer Quadrant,,Infiltrating Ductal,,Negative,Positive,Modified Radical Mastectomy,1998-00-00,,35,,,6,A1FJ,NO,NO,WHITE,BH,DECEASED
TCGA-BH-A1FL,69,M0,N1b,Stage IIB,T2,Left Upper Outer Quadrant,,Infiltrating Ductal,,Positive,Positive,Other,1998-00-00,,22,,,4,A1FL,NO,NO,WHITE,BH,DECEASED
TCGA-BH-A1FM,44,M0,N2,Stage IIIA,T2,Right Upper Outer Quadrant,,Infiltrating Ductal,,Positive,Negative,Modified Radical Mastectomy,1998-00-00,,10,,,8,A1FM,NO,NO,WHITE,BH,DECEASED
TCGA-BH-A1FN,34,M0,N0,Stage IIA,T2,Right Upper Outer Quadrant,,Infiltrating Ductal,,Positive,Positive,Other,1997-00-00,,29,,,0,A1FN,NO,NO,WHITE,BH,DECEASED
TCGA-BH-A1FR,73,M0,N1a,Stage IIIB,T4b,Right Upper Inner Quadrant,,Other,,Positive,Positive,Other,1997-00-00,,10,,,4,A1FR,NO,NO,WHITE,BH,DECEASED
TCGA-BH-A0HI,78,M0,N0 (i-),Stage IA,T1c,Right Upper Inner Quadrant|Right Lower Inner Quadrant|Right,Sentinel node biopsy alone,Infiltrating Ductal,,Positive,Positive,Lumpectomy,2008-00-00,1+,1,Negative,Post (prior bilateral ovariectomy OR >12 mo since LMP with no prior hysterectomy),0,A0HI,NO,NO,WHITE,BH,LIVING
TCGA-BH-A0HP,65,M0,N2a,Stage IIIA,T3,Left Upper Inner Quadrant|Left Upper Outer Quadrant|Left Lower Inner Quadrant|Left Lower Outer Quadrant|Left,Axillary lymph node dissection alone,Infiltrating Lobular,,Positive,Negative,Modified Radical Mastectomy,2009-00-00,1+,17,Negative,Post (prior bilateral ovariectomy OR >12 mo since LMP with no prior hysterectomy),8,A0HP,NO,NO,WHITE,BH,LIVING
TCGA-BH-A0RX,59,M0,N0 (i-),Stage IIA,T2,Left Upper Outer Quadrant|Left,Sentinel node biopsy alone,Infiltrating Ductal,,Negative,Negative,Lumpectomy,2010-00-00,1+,3,Negative,Post (prior bilateral ovariectomy OR >12 mo since LMP with no prior hysterectomy),0,A0RX,NO,NO,WHITE,BH,LIVING
TCGA-BH-A0DK,49,M0,N0 (i-),Stage IIA,T2,Left Upper Outer Quadrant|Left,Sentinel node biopsy alone,Infiltrating Ductal,,Positive,Positive,Simple Mastectomy,2009-00-00,0,3,Negative,Pre (<6 months since LMP AND no prior bilateral ovariectomy AND not on estrogen replacement),0,A0DK,NO,NO,WHITE,BH,LIVING
TCGA-BH-A0DS,71,M0,N2a,Stage IIIA,T2,Right Upper Inner Quadrant|Right Lower Inner Quadrant|Right,Sentinel lymph node biopsy plus axillary dissection,Infiltrating Ductal,,Positive,Positive,Lumpectomy,2010-00-00,1+,14,Negative,Post (prior bilateral ovariectomy OR >12 mo since LMP with no prior hysterectomy),8,A0DS,NO,NO,WHITE,BH,LIVING
TCGA-BH-A0E1,52,M0,N1,Stage IIB,T2,Left Upper Inner Quadrant|Left,Sentinel lymph node biopsy plus axillary dissection,Infiltrating Ductal,,Positive,Positive,Simple Mastectomy,2009-00-00,2+,17,Negative,Peri (6-12 months since last menstrual period),2,A0E1,NO,NO,WHITE,BH,LIVING
TCGA-BH-A0GY,67,M0,N1,Stage IIA,T2,Left Lower Outer Quadrant|Left,Sentinel lymph node biopsy plus axillary dissection,Infiltrating Ductal,,Positive,Positive,Lumpectomy,2008-00-00,1+,26,Negative,Post (prior bilateral ovariectomy OR >12 mo since LMP with no prior hysterectomy),3,A0GY,NO,NO,WHITE,BH,LIVING
TCGA-BH-A0H0,69,M0,N0 (i-),Stage IA,T1c,Right Upper Outer Quadrant|Right,Sentinel node biopsy alone,Infiltrating Ductal,,Positive,Positive,Lumpectomy,2009-00-00,0,2,Negative,Post (prior bilateral ovariectomy OR >12 mo since LMP with no prior hysterectomy),0,A0H0,NO,NO,WHITE,BH,LIVING
TCGA-BH-A0HF,77,M0,N0 (i-),Stage IA,T1c,Right Upper Outer Quadrant|Right,Sentinel node biopsy alone,Infiltrating Ductal,,Positive,Positive,Lumpectomy,2008-00-00,0,2,Negative,Post (prior bilateral ovariectomy OR >12 mo since LMP with no prior hysterectomy),0,A0HF,NO,NO,WHITE,BH,LIVING
TCGA-E2-A15J,51,M0,N0,Stage I,T1c,Left Upper Outer Quadrant,Sentinel node biopsy alone,Infiltrating Ductal,,Positive,Positive,Simple Mastectomy,2009-00-00,2+,12,Negative,Pre (<6 months since LMP AND no prior bilateral ovariectomy AND not on estrogen replacement),0,A15J,NO,NO,WHITE,E2,LIVING
TCGA-AO-A03R,57,M0,N1a,Stage IIB,T2,Right Upper Inner Quadrant|Right Upper Outer Quadrant|Right,Sentinel lymph node biopsy plus axillary dissection,Infiltrating Ductal,,Positive,Positive,Modified Radical Mastectomy,2005-00-00,0,26,Negative,Post (prior bilateral ovariectomy OR >12 mo since LMP with no prior hysterectomy),3,A03R,NO,NO,WHITE,AO,LIVING
TCGA-AO-A03T,42,M0,N1a,Stage IIB,T2,Left Upper Outer Quadrant|Left,Sentinel lymph node biopsy plus axillary dissection,Infiltrating Ductal,,Positive,Positive,Modified Radical Mastectomy,2007-00-00,0,12,Negative,Pre (<6 months since LMP AND no prior bilateral ovariectomy AND not on estrogen replacement),2,A03T,NO,NO,WHITE,AO,LIVING
TCGA-AO-A0J2,41,M0,N0 (i-),Stage IA,T1c,Left Lower Inner Quadrant|Left,Sentinel node biopsy alone,Infiltrating Ductal,,Negative,Negative,Simple Mastectomy,2008-00-00,2+,5,Negative,Pre (<6 months since LMP AND no prior bilateral ovariectomy AND not on estrogen replacement),0,A0J2,NO,NO,WHITE,AO,LIVING
TCGA-BH-A0HL,56,M0,N1a,Stage IIB,T2,Right Lower Inner Quadrant|Right Lower Outer Quadrant|Right,Sentinel lymph node biopsy plus axillary dissection,Infiltrating Ductal,,Positive,Positive,Modified Radical Mastectomy,2009-00-00,2+,17,Negative,Post (prior bilateral ovariectomy OR >12 mo since LMP with no prior hysterectomy),2,A0HL,NO,NO,WHITE,BH,LIVING
TCGA-BH-A0HO,48,M0,N1a,Stage IIA,T1c,Right Upper Outer Quadrant|Right,Sentinel lymph node biopsy plus axillary dissection,Infiltrating Ductal,,Positive,Positive,Lumpectomy,2009-00-00,1+,18,Negative,Pre (<6 months since LMP AND no prior bilateral ovariectomy AND not on estrogen replacement),1,A0HO,NO,NO,WHITE,BH,LIVING
TCGA-BH-A0HQ,56,M0,N0 (i+),Stage IIA,T2,Left Upper Outer Quadrant|Left,Sentinel node biopsy alone,Infiltrating Ductal,,Positive,Positive,Lumpectomy,2007-00-00,1+,4,Negative,Post (prior bilateral ovariectomy OR >12 mo since LMP with no prior hysterectomy),0,A0HQ,NO,NO,WHITE,BH,LIVING
TCGA-BH-A0HU,52,M0,N0 (i-),Stage IA,T1c,Right Upper Outer Quadrant|Right,Sentinel node biopsy alone,Infiltrating Ductal,,Positive,Positive,Lumpectomy,2009-00-00,1+,1,Negative,Peri (6-12 months since last menstrual period),0,A0HU,NO,NO,WHITE,BH,LIVING
TCGA-BH-A28O,50,M0,N3,Stage IIIC,T3a,Right Lower Outer Quadrant,Sentinel node biopsy alone,Infiltrating Lobular,,Positive,Positive,,2010-00-00,,14,Negative,,14,A28O,NO,NO,WHITE,BH,LIVING
TCGA-AR-A0TW,50,M0,N1,Stage IIIA,T3,Right Upper Outer Quadrant|Right Lower Outer Quadrant,,Infiltrating Ductal,,Positive,Positive,Modified Radical Mastectomy,2005-00-00,2+,27,Negative,Pre (<6 months since LMP AND no prior bilateral ovariectomy AND not on estrogen replacement),3,A0TW,NO,NO,WHITE,AR,LIVING
TCGA-BH-A0DH,63,M0,N1a,Stage IIB,T2,Left Upper Outer Quadrant|Left,Axillary lymph node dissection alone,Infiltrating Ductal,Negative,Positive,Positive,Lumpectomy,2007-00-00,0,28,Positive,Post (prior bilateral ovariectomy OR >12 mo since LMP with no prior hysterectomy),3,A0DH,NO,NO,WHITE,BH,LIVING
TCGA-BH-A0DQ,42,M0,N1,Stage IIB,T2,Right Upper Inner Quadrant|Right,Sentinel lymph node biopsy plus axillary dissection,Infiltrating Ductal,,Positive,Positive,Lumpectomy,2009-00-00,0,25,Negative,Pre (<6 months since LMP AND no prior bilateral ovariectomy AND not on estrogen replacement),1,A0DQ,NO,NO,WHITE,BH,LIVING
TCGA-AO-A03N,59,M0,N1a,Stage IIB,T2,Left Upper Inner Quadrant|Left Upper Outer Quadrant|Left,Sentinel lymph node biopsy plus axillary dissection,Infiltrating Ductal,,Positive,Positive,Modified Radical Mastectomy,2006-00-00,0,19,Negative,Post (prior bilateral ovariectomy OR >12 mo since LMP with no prior hysterectomy),2,A03N,NO,NO,WHITE,AO,LIVING
TCGA-AO-A03U,31,M0,N0 (i-),Stage IA,T1c,Left Upper Inner Quadrant|Left Upper Outer Quadrant|Left Lower Inner Quadrant|Left Lower Outer Quadrant|Left,Sentinel node biopsy alone,Other,,Negative,Negative,Simple Mastectomy,2001-00-00,0,8,Negative,Pre (<6 months since LMP AND no prior bilateral ovariectomy AND not on estrogen replacement),0,A03U,NO,NO,WHITE,AO,DECEASED
TCGA-AO-A124,38,M0,N0 (i-),Stage IIA,T2,Right Upper Outer Quadrant|Right Lower Outer Quadrant|Right,Sentinel lymph node biopsy plus axillary dissection,Other,,Negative,Negative,Modified Radical Mastectomy,2002-00-00,0,18,Negative,Pre (<6 months since LMP AND no prior bilateral ovariectomy AND not on estrogen replacement),0,A124,NO,NO,WHITE,AO,LIVING
TCGA-AO-A125,72,M0,N0 (i-),Stage IIA,T2,Left Upper Inner Quadrant|Left Upper Outer Quadrant|Left,Sentinel node biopsy alone,Other,,Positive,Positive,Simple Mastectomy,2002-00-00,0,5,Negative,Post (prior bilateral ovariectomy OR >12 mo since LMP with no prior hysterectomy),0,A125,NO,NO,BLACK OR AFRICAN AMERICAN,AO,LIVING
TCGA-AO-A126,39,M0,N0 (i-),Stage IIA,T2,Right Upper Inner Quadrant|Right,Sentinel node biopsy alone,Infiltrating Ductal,,Positive,Positive,Simple Mastectomy,2002-00-00,1+,5,Negative,Pre (<6 months since LMP AND no prior bilateral ovariectomy AND not on estrogen replacement),0,A126,NO,NO,ASIAN,AO,LIVING
TCGA-AO-A128,61,M0,N0 (i-),Stage IIA,T2,Right Lower Outer Quadrant|Right,Sentinel node biopsy alone,Infiltrating Ductal,,Negative,Negative,Lumpectomy,2002-00-00,0,15,Negative,Post (prior bilateral ovariectomy OR >12 mo since LMP with no prior hysterectomy),0,A128,NO,NO,WHITE,AO,LIVING
TCGA-AO-A129,29,M0,N1a,Stage IIB,T2,Left Lower Outer Quadrant|Left,Axillary lymph node dissection alone,Infiltrating Ductal,,Negative,Negative,Modified Radical Mastectomy,2002-00-00,0,21,Negative,Pre (<6 months since LMP AND no prior bilateral ovariectomy AND not on estrogen replacement),2,A129,NO,NO,WHITE,AO,LIVING
TCGA-AO-A12B,63,M0,N0 (i-),Stage IIA,T2,Right Upper Inner Quadrant|Right Lower Inner Quadrant|Right,Sentinel node biopsy alone,Infiltrating Ductal,,Positive,Positive,Simple Mastectomy,2004-00-00,0,2,Negative,Post (prior bilateral ovariectomy OR >12 mo since LMP with no prior hysterectomy),0,A12B,NO,NO,,AO,LIVING
TCGA-AO-A12C,42,M0,N1a,Stage IIB,T2,Left Upper Outer Quadrant|Left,Sentinel lymph node biopsy plus axillary dissection,Infiltrating Ductal,Negative,Positive,Positive,Lumpectomy,2005-00-00,3+,31,Positive,Pre (<6 months since LMP AND no prior bilateral ovariectomy AND not on estrogen replacement),2,A12C,NO,NO,WHITE,AO,LIVING
TCGA-AO-A12E,51,M0,N0 (i+),Stage IIB,T3,Right Lower Inner Quadrant|Right Lower Outer Quadrant|Right,Axillary lymph node dissection alone,Infiltrating Lobular,,Positive,Positive,Modified Radical Mastectomy,2005-00-00,0,13,Negative,Pre (<6 months since LMP AND no prior bilateral ovariectomy AND not on estrogen replacement),0,A12E,NO,NO,WHITE,AO,LIVING
TCGA-AO-A12G,75,M0,N0 (i+),Stage IIA,T2,Right Upper Outer Quadrant|Right,Sentinel node biopsy alone,Other,,Positive,Positive,Simple Mastectomy,2006-00-00,2+,4,Negative,Post (prior bilateral ovariectomy OR >12 mo since LMP with no prior hysterectomy),0,A12G,NO,NO,WHITE,AO,LIVING
TCGA-E2-A105,79,M0,N0 (i-),Stage IIA,T2,Left Upper Inner Quadrant,Sentinel node biopsy alone,Infiltrating Ductal,,Positive,Positive,Lumpectomy,2007-00-00,2+,1,Negative,Post (prior bilateral ovariectomy OR >12 mo since LMP with no prior hysterectomy),0,A105,NO,NO,WHITE,E2,LIVING
TCGA-E2-A106,34,M0,N1mi,Stage IB,T1c,Right Upper Outer Quadrant,Sentinel lymph node biopsy plus axillary dissection,Infiltrating Ductal,Negative,Positive,Positive,Simple Mastectomy,2006-00-00,2+,16,Close,Pre (<6 months since LMP AND no prior bilateral ovariectomy AND not on estrogen replacement),1,A106,NO,NO,ASIAN,E2,LIVING
TCGA-AO-A03L,34,M0,N2,Stage IIIA,T3,Right Upper Inner Quadrant|Right Upper Outer Quadrant|Right Lower Inner Quadrant|Right Lower Outer Quadrant|Right,Sentinel lymph node biopsy plus axillary dissection,Infiltrating Ductal,,Positive,Positive,Modified Radical Mastectomy,2003-00-00,2+,17,Negative,Pre (<6 months since LMP AND no prior bilateral ovariectomy AND not on estrogen replacement),4,A03L,NO,NO,ASIAN,AO,LIVING
TCGA-E2-A14P,79,M0,N3,Stage IIIC,T2,Right Upper Outer Quadrant,Axillary lymph node dissection alone,Infiltrating Ductal,,Negative,Negative,Lumpectomy,2008-00-00,3+,24,Negative,Post (prior bilateral ovariectomy OR >12 mo since LMP with no prior hysterectomy),10,A14P,NO,NO,WHITE,E2,LIVING
TCGA-E2-A14Q,50,M0,N1mi,Stage IIA,T2,Left Upper Outer Quadrant,Sentinel lymph node biopsy plus axillary dissection,Infiltrating Ductal,,Positive,Positive,Lumpectomy,2008-00-00,1+,7,Negative,Pre (<6 months since LMP AND no prior bilateral ovariectomy AND not on estrogen replacement),1,A14Q,NO,NO,WHITE,E2,LIVING
TCGA-E2-A14S,65,M0,N0,Stage I,T1c,Left Lower Outer Quadrant,Sentinel node biopsy alone,Infiltrating Ductal,,Positive,Positive,Lumpectomy,2008-00-00,2+,2,Negative,Post (prior bilateral ovariectomy OR >12 mo since LMP with no prior hysterectomy),0,A14S,NO,NO,WHITE,E2,LIVING
TCGA-E2-A14V,53,M0,N1,Stage IIB,T2,Left Lower Inner Quadrant,Sentinel lymph node biopsy plus axillary dissection,Infiltrating Ductal,,Positive,Positive,Lumpectomy,2008-00-00,3+,24,Negative,Post (prior bilateral ovariectomy OR >12 mo since LMP with no prior hysterectomy),3,A14V,NO,NO,WHITE,E2,LIVING
TCGA-E2-A14W,78,M0,N0,Stage IIA,T2,Left Upper Outer Quadrant,Sentinel node biopsy alone,Infiltrating Ductal,,Positive,Positive,Simple Mastectomy,2008-00-00,,5,Negative,,0,A14W,NO,NO,WHITE,E2,LIVING
TCGA-E2-A14Y,35,M0,N0,Stage IIA,T2,Right,Sentinel node biopsy alone,Infiltrating Ductal,,Positive,Positive,Simple Mastectomy,2009-00-00,2+,5,Negative,Pre (<6 months since LMP AND no prior bilateral ovariectomy AND not on estrogen replacement),0,A14Y,NO,NO,WHITE,E2,LIVING
TCGA-E2-A150,48,M0,N0,Stage IIA,T2,Left Upper Outer Quadrant,Sentinel node biopsy alone,Infiltrating Ductal,,Negative,Negative,Lumpectomy,2009-00-00,,2,Negative,Post (prior bilateral ovariectomy OR >12 mo since LMP with no prior hysterectomy),0,A150,NO,NO,WHITE,E2,LIVING
TCGA-E2-A152,56,M0,N0,Stage I,T1c,Left Upper Inner Quadrant,Sentinel node biopsy alone,Infiltrating Ductal,,Positive,Negative,Lumpectomy,2009-00-00,3+,3,Negative,Post (prior bilateral ovariectomy OR >12 mo since LMP with no prior hysterectomy),0,A152,NO,NO,WHITE,E2,LIVING
TCGA-E2-A153,51,M0,N1a,Stage IIB,T1c,Left,Sentinel lymph node biopsy plus axillary dissection,Infiltrating Ductal,,Positive,Positive,Modified Radical Mastectomy,2009-00-00,1+,15,Negative,Pre (<6 months since LMP AND no prior bilateral ovariectomy AND not on estrogen replacement),3,A153,NO,NO,WHITE,E2,LIVING
TCGA-E2-A155,58,M0,N1a,Stage IIB,T2,Left Upper Inner Quadrant|Left Lower Inner Quadrant,Axillary lymph node dissection alone,Infiltrating Ductal,,Positive,Negative,Modified Radical Mastectomy,2009-00-00,,15,Negative,Post (prior bilateral ovariectomy OR >12 mo since LMP with no prior hysterectomy),2,A155,NO,NO,WHITE,E2,LIVING
TCGA-E2-A156,61,M0,N0,Stage I,T1c,Left,Sentinel node biopsy alone,Infiltrating Ductal,,Positive,Positive,Lumpectomy,2009-00-00,,3,Negative,Post (prior bilateral ovariectomy OR >12 mo since LMP with no prior hysterectomy),0,A156,NO,NO,WHITE,E2,LIVING
TCGA-E2-A158,43,M0,N1mi,Stage IIA,T1c,Left Upper Inner Quadrant|Left Upper Outer Quadrant,Sentinel node biopsy alone,Infiltrating Ductal,,Negative,Negative,Simple Mastectomy,2009-00-00,1+,2,Negative,Pre (<6 months since LMP AND no prior bilateral ovariectomy AND not on estrogen replacement),1,A158,NO,NO,WHITE,E2,LIVING
TCGA-E2-A15A,45,M0,N3a,Stage IIIC,T2,Left,Sentinel lymph node biopsy plus axillary dissection,Infiltrating Ductal,,Positive,Positive,Simple Mastectomy,2009-00-00,1+,19,Negative,Pre (<6 months since LMP AND no prior bilateral ovariectomy AND not on estrogen replacement),13,A15A,NO,NO,WHITE,E2,LIVING
TCGA-E2-A15C,61,M0,N0,Stage I,T1c,Right Lower Outer Quadrant,Sentinel node biopsy alone,Infiltrating Ductal,,Positive,Positive,Lumpectomy,2009-00-00,2+,4,Negative,Post (prior bilateral ovariectomy OR >12 mo since LMP with no prior hysterectomy),0,A15C,NO,NO,WHITE,E2,LIVING
TCGA-E2-A15E,40,M0,N1a,Stage IIA,T1c,Left,Sentinel lymph node biopsy plus axillary dissection,Infiltrating Ductal,,Positive,Positive,Lumpectomy,2009-00-00,,9,Negative,Pre (<6 months since LMP AND no prior bilateral ovariectomy AND not on estrogen replacement),1,A15E,NO,NO,WHITE,E2,LIVING
TCGA-E2-A15G,76,M0,N0,Stage IIA,T2,Left Upper Outer Quadrant,Sentinel node biopsy alone,Mixed Histology,,Positive,Positive,Lumpectomy,2009-00-00,1+,1,Negative,Post (prior bilateral ovariectomy OR >12 mo since LMP with no prior hysterectomy),0,A15G,NO,NO,WHITE,E2,LIVING
TCGA-E2-A15H,38,M0,N1mi,Stage IIA,T1c,Right Upper Outer Quadrant,Sentinel node biopsy alone,Infiltrating Ductal,,Positive,Positive,Lumpectomy,2009-00-00,2+,4,Negative,Pre (<6 months since LMP AND no prior bilateral ovariectomy AND not on estrogen replacement),1,A15H,NO,NO,WHITE,E2,LIVING
TCGA-E2-A15L,65,M0,N0,Stage IIA,T2,Right,Sentinel node biopsy alone,Infiltrating Lobular,,Positive,Positive,Simple Mastectomy,2010-00-00,2+,3,Negative,Post (prior bilateral ovariectomy OR >12 mo since LMP with no prior hysterectomy),0,A15L,NO,NO,BLACK OR AFRICAN AMERICAN,E2,LIVING
TCGA-E2-A15M,66,M0,N0,Stage IIA,T2,Right Lower Outer Quadrant,Sentinel node biopsy alone,Infiltrating Lobular,,Positive,Positive,Lumpectomy,2010-00-00,,5,Negative,Post (prior bilateral ovariectomy OR >12 mo since LMP with no prior hysterectomy),0,A15M,NO,NO,WHITE,E2,LIVING
TCGA-BH-A0W4,46,M0,N0 (i-),Stage IIA,T2,Left Upper Outer Quadrant,,Infiltrating Ductal,,Positive,Positive,,2010-00-00,,,,,,A0W4,NO,NO,WHITE,BH,LIVING
TCGA-BH-A0W5,77,M0,N1a,Stage IIA,T1c,Left,Sentinel lymph node biopsy plus axillary dissection,Infiltrating Ductal,,Positive,Positive,Other,2008-00-00,,11,Negative,,1,A0W5,NO,NO,WHITE,BH,LIVING
TCGA-BH-A1FU,44,M0,N0,Stage IA,T1c,Right Upper Outer Quadrant,,Infiltrating Ductal,,Negative,Negative,Modified Radical Mastectomy,1997-00-00,,5,,,0,A1FU,NO,NO,WHITE,BH,DECEASED
TCGA-AR-A24P,47,M0,N0,Stage I,T1,Left Upper Outer Quadrant,Sentinel lymph node biopsy plus axillary dissection,Infiltrating Ductal,,Positive,Positive,Other,2005-00-00,2+,3,Negative,Post (prior bilateral ovariectomy OR >12 mo since LMP with no prior hysterectomy),0,A24P,NO,NO,WHITE,AR,LIVING
TCGA-AR-A24Q,49,M0,N0,Stage IIB,T3,Left Upper Inner Quadrant,Sentinel lymph node biopsy plus axillary dissection,Infiltrating Ductal,,Positive,Negative,Simple Mastectomy,2006-00-00,,2,Negative,Post (prior bilateral ovariectomy OR >12 mo since LMP with no prior hysterectomy),0,A24Q,NO,NO,WHITE,AR,LIVING
TCGA-AR-A24T,46,M0,N3,Stage IIIC,T3,Right Upper Outer Quadrant,Sentinel lymph node biopsy plus axillary dissection,Infiltrating Lobular,,Positive,Positive,Simple Mastectomy,2006-00-00,2+,17,Negative,Pre (<6 months since LMP AND no prior bilateral ovariectomy AND not on estrogen replacement),15,A24T,NO,NO,WHITE,AR,LIVING
TCGA-AR-A24Z,57,M0,N0,Stage IIA,T2,Left Upper Outer Quadrant,Sentinel lymph node biopsy plus axillary dissection,Infiltrating Ductal,,Positive,Positive,Other,2006-00-00,,8,Negative,Post (prior bilateral ovariectomy OR >12 mo since LMP with no prior hysterectomy),0,A24Z,NO,NO,WHITE,AR,LIVING
TCGA-AR-A250,58,M0,N0,Stage IIA,T2,Left Upper Outer Quadrant,Sentinel lymph node biopsy plus axillary dissection,Infiltrating Ductal,Negative,Positive,Negative,Other,2006-00-00,2+,4,Positive,Post (prior bilateral ovariectomy OR >12 mo since LMP with no prior hysterectomy),0,A250,NO,NO,WHITE,AR,LIVING
TCGA-BH-A1EX,67,M0,N1b,Stage IIB,T2,Right Lower Inner Quadrant,,Infiltrating Ductal,,Positive,Positive,Other,2000-00-00,,24,,Post (prior bilateral ovariectomy OR >12 mo since LMP with no prior hysterectomy),2,A1EX,NO,NO,WHITE,BH,DECEASED
TCGA-AR-A0TU,35,M0,N0,Stage IIA,T2,Right Lower Outer Quadrant,Sentinel lymph node biopsy plus axillary dissection,Infiltrating Ductal,,Negative,Negative,Simple Mastectomy,2006-00-00,1+,4,Negative,Pre (<6 months since LMP AND no prior bilateral ovariectomy AND not on estrogen replacement),0,A0TU,NO,NO,,AR,LIVING
TCGA-AR-A0U0,73,M0,N1,Stage IIB,T2,Left Lower Inner Quadrant,Sentinel lymph node biopsy plus axillary dissection,Infiltrating Ductal,,Negative,Negative,Simple Mastectomy,2004-00-00,,4,Negative,Post (prior bilateral ovariectomy OR >12 mo since LMP with no prior hysterectomy),0,A0U0,NO,NO,WHITE,AR,LIVING
TCGA-AR-A0U2,47,M0,N2,Stage IIIA,T2,Left Lower Outer Quadrant,Axillary lymph node dissection alone,Infiltrating Ductal,Negative,Positive,Positive,Modified Radical Mastectomy,2004-00-00,1+,16,Negative,Pre (<6 months since LMP AND no prior bilateral ovariectomy AND not on estrogen replacement),4,A0U2,NO,NO,WHITE,AR,DECEASED
TCGA-AR-A0U4,54,M0,N0,Stage IIA,T2,Left Upper Outer Quadrant,Sentinel lymph node biopsy plus axillary dissection,Infiltrating Ductal,,Negative,Negative,Simple Mastectomy,2006-00-00,,10,Negative,Pre (<6 months since LMP AND no prior bilateral ovariectomy AND not on estrogen replacement),0,A0U4,NO,NO,WHITE,AR,LIVING
TCGA-BH-A0W3,58,M0,N1a,Stage IIA,T1c,Left Upper Inner Quadrant,,Infiltrating Ductal,,Positive,Positive,Other,2010-00-00,,4,,Indeterminate (neither Pre or Postmenopausal),1,A0W3,NO,NO,WHITE,BH,LIVING
TCGA-BH-A18P,60,M0,N0,Stage I,T1,Left Lower Inner Quadrant,Sentinel node biopsy alone,Infiltrating Ductal,,Positive,Negative,Simple Mastectomy,2003-00-00,2+,2,Negative,,0,A18P,NO,NO,WHITE,BH,DECEASED
TCGA-BH-A18Q,56,M0,N1b,Stage IIB,T2,Left,Axillary lymph node dissection alone,Infiltrating Ductal,,Negative,Negative,Modified Radical Mastectomy,2001-00-00,,25,Negative,,2,A18Q,NO,NO,WHITE,BH,DECEASED
TCGA-BH-A18R,50,M0,N1,Stage IIA,T2b,Right Upper Outer Quadrant,,Infiltrating Ductal,,Indeterminate,Negative,Modified Radical Mastectomy,2001-00-00,3+,15,Negative,,10,A18R,NO,NO,WHITE,BH,DECEASED
TCGA-BH-A18S,79,M0,N0,Stage I,T1c,Right Lower Inner Quadrant,Sentinel node biopsy alone,Mucinous,,Positive,Positive,Other,2003-00-00,,2,Negative,Post (prior bilateral ovariectomy OR >12 mo since LMP with no prior hysterectomy),0,A18S,NO,NO,WHITE,BH,DECEASED
TCGA-BH-A18T,70,M0,N0,Stage IIA,T2,Right Upper Outer Quadrant,Sentinel node biopsy alone,Infiltrating Ductal,,Negative,Negative,Other,2003-00-00,2+,,Negative,Post (prior bilateral ovariectomy OR >12 mo since LMP with no prior hysterectomy),,A18T,NO,NO,WHITE,BH,DECEASED
TCGA-BH-A18U,72,M0,N2a,Stage IIIA,T2,Left,Sentinel lymph node biopsy plus axillary dissection,Infiltrating Ductal,,Positive,Positive,Other,2003-00-00,3+,16,Negative,Post (prior bilateral ovariectomy OR >12 mo since LMP with no prior hysterectomy),9,A18U,NO,NO,WHITE,BH,DECEASED
TCGA-BH-A18V,48,M0,N1b,Stage IIB,T2,Right,Axillary lymph node dissection alone,Infiltrating Ductal,,Negative,Negative,Other,2001-00-00,,25,Negative,,0,A18V,NO,NO,WHITE,BH,DECEASED
TCGA-AR-A1AJ,83,M0,N0,Stage I,T1,Right,Sentinel lymph node biopsy plus axillary dissection,Infiltrating Ductal,,Positive,Negative,Other,2005-00-00,,8,Negative,Post (prior bilateral ovariectomy OR >12 mo since LMP with no prior hysterectomy),0,A1AJ,NO,NO,WHITE,AR,LIVING
TCGA-AR-A1AK,70,M0,N0,Stage I,T1,Right,Sentinel lymph node biopsy plus axillary dissection,Infiltrating Lobular,,Positive,Positive,Simple Mastectomy,2006-00-00,1+,5,Negative,Post (prior bilateral ovariectomy OR >12 mo since LMP with no prior hysterectomy),0,A1AK,NO,NO,WHITE,AR,LIVING
TCGA-AR-A1AP,80,M0,N0,Stage I,T1,Left Upper Outer Quadrant,Sentinel lymph node biopsy plus axillary dissection,Infiltrating Ductal,Negative,Positive,Positive,Other,2007-00-00,2+,1,,Post (prior bilateral ovariectomy OR >12 mo since LMP with no prior hysterectomy),0,A1AP,NO,NO,WHITE,AR,LIVING
TCGA-AR-A1AS,54,M0,N1,Stage IIB,T2,Left Upper Inner Quadrant,Axillary lymph node dissection alone,Infiltrating Ductal,,Positive,Positive,Other,2007-00-00,1+,17,Negative,Post (prior bilateral ovariectomy OR >12 mo since LMP with no prior hysterectomy),1,A1AS,NO,NO,ASIAN,AR,LIVING
TCGA-AR-A1AT,62,M0,N0,Stage IIA,T2,Left Upper Outer Quadrant,Sentinel lymph node biopsy plus axillary dissection,Infiltrating Lobular,,Positive,Positive,Other,2007-00-00,3+,3,Negative,Post (prior bilateral ovariectomy OR >12 mo since LMP with no prior hysterectomy),1,A1AT,NO,NO,WHITE,AR,DECEASED
TCGA-AR-A1AV,68,M0,N1,Stage IIB,T2,Left,Axillary lymph node dissection alone,Infiltrating Ductal,,Positive,Positive,Modified Radical Mastectomy,2007-00-00,1+,25,Negative,,1,A1AV,NO,NO,WHITE,AR,LIVING
TCGA-AR-A1AW,65,M0,N0,Stage IIA,T2,Left Upper Inner Quadrant,Sentinel lymph node biopsy plus axillary dissection,Infiltrating Ductal,,Positive,Positive,Lumpectomy,2007-00-00,2+,1,Negative,Post (prior bilateral ovariectomy OR >12 mo since LMP with no prior hysterectomy),0,A1AW,NO,NO,WHITE,AR,LIVING
TCGA-AR-A1AY,65,M0,N0,Stage I,T1,Left Upper Outer Quadrant,Sentinel lymph node biopsy plus axillary dissection,Infiltrating Ductal,,Negative,Negative,Other,2008-00-00,,4,Negative,Post (prior bilateral ovariectomy OR >12 mo since LMP with no prior hysterectomy),1,A1AY,NO,NO,WHITE,AR,LIVING
TCGA-E2-A1LG,50,M0,N0,Stage IIA,T2,Left Upper Outer Quadrant,Axillary lymph node dissection alone,Infiltrating Lobular,,Negative,Negative,Modified Radical Mastectomy,2010-00-00,2+,19,Negative,Peri (6-12 months since last menstrual period),0,A1LG,NO,YES,BLACK OR AFRICAN AMERICAN,E2,LIVING
TCGA-E2-A1IF,74,M0,N0,Stage I,T1c,Left Upper Outer Quadrant,Sentinel node biopsy alone,Infiltrating Ductal,,Positive,Positive,Lumpectomy,2008-00-00,1+,4,Negative,Post (prior bilateral ovariectomy OR >12 mo since LMP with no prior hysterectomy),0,A1IF,NO,NO,WHITE,E2,LIVING
TCGA-E2-A1IG,45,M0,N1mi,Stage IIB,T2,Right Upper Inner Quadrant,Sentinel node biopsy alone,Infiltrating Ductal,,Positive,Positive,Simple Mastectomy,2009-00-00,,3,Negative,Pre (<6 months since LMP AND no prior bilateral ovariectomy AND not on estrogen replacement),1,A1IG,NO,NO,WHITE,E2,LIVING
TCGA-E2-A1II,51,M0,N0,Stage I,T1c,Left,Sentinel node biopsy alone,Infiltrating Ductal,,Negative,Positive,Lumpectomy,2008-00-00,1+,5,Negative,Post (prior bilateral ovariectomy OR >12 mo since LMP with no prior hysterectomy),0,A1II,NO,NO,WHITE,E2,LIVING
TCGA-E2-A1IK,71,M0,N1mi,Stage IIA,T1c,Left,Sentinel node biopsy alone,Infiltrating Ductal,,Positive,Positive,Lumpectomy,2009-00-00,,6,Negative,Post (prior bilateral ovariectomy OR >12 mo since LMP with no prior hysterectomy),1,A1IK,NO,NO,WHITE,E2,LIVING
TCGA-E2-A1IO,37,M0,N0,Stage I,T1c,Right,Sentinel node biopsy alone,Infiltrating Ductal,,Positive,Positive,Lumpectomy,2010-00-00,2+,1,Negative,Pre (<6 months since LMP AND no prior bilateral ovariectomy AND not on estrogen replacement),0,A1IO,NO,NO,WHITE,E2,LIVING
TCGA-E2-A1L7,40,M0,N2,Stage IIIA,T2,Right Upper Outer Quadrant,Axillary lymph node dissection alone,Infiltrating Ductal,,Negative,Negative,Modified Radical Mastectomy,2009-00-00,,20,Negative,Pre (<6 months since LMP AND no prior bilateral ovariectomy AND not on estrogen replacement),7,A1L7,NO,NO,WHITE,E2,LIVING
TCGA-E2-A1LA,59,M0,N1a,Stage IIA,T1c,Right Upper Inner Quadrant,Sentinel lymph node biopsy plus axillary dissection,Infiltrating Ductal,,Positive,Positive,Simple Mastectomy,2009-00-00,2+,35,Negative,Post (prior bilateral ovariectomy OR >12 mo since LMP with no prior hysterectomy),1,A1LA,NO,NO,,E2,LIVING
TCGA-BH-A0B4,65,M0,N2,Stage IIIA,T2,Left,Axillary lymph node dissection alone,Infiltrating Ductal,,Positive,Positive,Modified Radical Mastectomy,2007-00-00,2+,10,Negative,,6,A0B4,NO,NO,WHITE,BH,LIVING
TCGA-BH-A0BD,47,M0,N1a,Stage IIA,T1c,Left Upper Inner Quadrant|Left Upper Outer Quadrant|Left,Sentinel lymph node biopsy plus axillary dissection,Infiltrating Ductal,,Positive,Positive,Lumpectomy,2009-00-00,1+,9,Negative,Pre (<6 months since LMP AND no prior bilateral ovariectomy AND not on estrogen replacement),2,A0BD,NO,NO,WHITE,BH,LIVING
TCGA-AO-A0JA,36,M0,N3,Stage IIIC,T2,Right Upper Inner Quadrant|Right Lower Inner Quadrant|Right,Sentinel lymph node biopsy plus axillary dissection,Infiltrating Ductal,,Positive,Positive,Modified Radical Mastectomy,2009-00-00,1+,11,Negative,Pre (<6 months since LMP AND no prior bilateral ovariectomy AND not on estrogen replacement),11,A0JA,NO,NO,BLACK OR AFRICAN AMERICAN,AO,LIVING
TCGA-AO-A0JB,50,M0,N1a,Stage IIIA,T3,Left Upper Inner Quadrant|Left Upper Outer Quadrant|Left Lower Outer Quadrant|Left,Axillary lymph node dissection alone,Infiltrating Ductal,,Positive,Positive,Modified Radical Mastectomy,2007-00-00,0,14,Negative,Pre (<6 months since LMP AND no prior bilateral ovariectomy AND not on estrogen replacement),1,A0JB,NO,NO,WHITE,AO,LIVING
TCGA-BH-A0AW,56,M0,N1a,Stage IIA,T1c,Left Upper Inner Quadrant|Left Upper Outer Quadrant|Left,Axillary lymph node dissection alone,Infiltrating Ductal,,Positive,Negative,Lumpectomy,2008-00-00,3+,12,Negative,Post (prior bilateral ovariectomy OR >12 mo since LMP with no prior hysterectomy),2,A0AW,NO,NO,WHITE,BH,LIVING
TCGA-BH-A0B1,66,M0,N1a,Stage IIB,T2,Right Upper Outer Quadrant|Right,Sentinel lymph node biopsy plus axillary dissection,Infiltrating Ductal,,Positive,Positive,Modified Radical Mastectomy,2007-00-00,1+,15,Negative,Post (prior bilateral ovariectomy OR >12 mo since LMP with no prior hysterectomy),1,A0B1,NO,NO,WHITE,BH,LIVING
TCGA-BH-A0B3,53,M0,N1a,Stage IIB,T2,Right Upper Inner Quadrant|Right Upper Outer Quadrant|Right,Sentinel lymph node biopsy plus axillary dissection,Infiltrating Ductal,,Negative,Negative,Lumpectomy,2007-00-00,1+,29,Negative,Post (prior bilateral ovariectomy OR >12 mo since LMP with no prior hysterectomy),2,A0B3,NO,NO,WHITE,BH,LIVING
TCGA-BH-A0B8,64,M0,N0 (i-),Stage I,T1b,Right Upper Inner Quadrant|Right,Sentinel node biopsy alone,Infiltrating Ductal,,Positive,Positive,Lumpectomy,2006-00-00,2+,2,Negative,Post (prior bilateral ovariectomy OR >12 mo since LMP with no prior hysterectomy),0,A0B8,NO,NO,WHITE,BH,LIVING
TCGA-BH-A0B9,44,M0,N0 (i-),Stage IA,T1c,Right Lower Inner Quadrant|Right Lower Outer Quadrant|Right,Sentinel node biopsy alone,Infiltrating Ductal,,Negative,Negative,Lumpectomy,2006-00-00,0,1,Negative,Pre (<6 months since LMP AND no prior bilateral ovariectomy AND not on estrogen replacement),0,A0B9,NO,NO,WHITE,BH,LIVING
TCGA-BH-A0BA,51,M0,N3a,Stage IIIC,T3,Left Upper Inner Quadrant|Left Upper Outer Quadrant|Left Lower Inner Quadrant|Left Lower Outer Quadrant|Left,Sentinel lymph node biopsy plus axillary dissection,Mixed Histology,,Positive,Positive,Modified Radical Mastectomy,2006-00-00,1+,27,Negative,Pre (<6 months since LMP AND no prior bilateral ovariectomy AND not on estrogen replacement),27,A0BA,NO,NO,WHITE,BH,LIVING
TCGA-BH-A0BJ,41,M0,N1a,Stage IIB,T2,Left Upper Outer Quadrant|Left,Sentinel lymph node biopsy plus axillary dissection,Infiltrating Ductal,,Positive,Positive,Lumpectomy,2008-00-00,1+,18,Negative,Pre (<6 months since LMP AND no prior bilateral ovariectomy AND not on estrogen replacement),2,A0BJ,NO,NO,WHITE,BH,LIVING
TCGA-BH-A0BM,54,M0,N1a,Stage IIB,T2,Right Upper Inner Quadrant|Right Upper Outer Quadrant|Right,Sentinel lymph node biopsy plus axillary dissection,Infiltrating Ductal,,Positive,Negative,Lumpectomy,2007-00-00,0,24,Negative,Post (prior bilateral ovariectomy OR >12 mo since LMP with no prior hysterectomy),3,A0BM,NO,NO,WHITE,BH,LIVING
TCGA-BH-A0C0,62,M0,N1a,Stage IIA,T1c,Left Upper Outer Quadrant|Left,Axillary lymph node dissection alone,Infiltrating Ductal,,Positive,Positive,Lumpectomy,2007-00-00,2+,35,Negative,Post (prior bilateral ovariectomy OR >12 mo since LMP with no prior hysterectomy),1,A0C0,NO,NO,WHITE,BH,LIVING
TCGA-BH-A0BC,60,M0,N3,Stage IIIC,T2,Right Upper Inner Quadrant|Right Upper Outer Quadrant|Right,Sentinel lymph node biopsy plus axillary dissection,Infiltrating Ductal,,Positive,Positive,Lumpectomy,2007-00-00,0,18,Negative,Post (prior bilateral ovariectomy OR >12 mo since LMP with no prior hysterectomy),12,A0BC,NO,NO,WHITE,BH,LIVING
TCGA-BH-A0B2,43,M0,N0,Stage I,T1a,Right Upper Outer Quadrant,,Infiltrating Ductal,,Positive,Positive,Other,2007-00-00,,3,Negative,Pre (<6 months since LMP AND no prior bilateral ovariectomy AND not on estrogen replacement),0,A0B2,NO,YES,WHITE,BH,LIVING
TCGA-BH-A0AV,52,M0,N0,Stage I,T1c,Left Upper Inner Quadrant,,Infiltrating Ductal,,Negative,Negative,Other,2008-00-00,,2,Negative,,0,A0AV,NO,NO,BLACK OR AFRICAN AMERICAN,BH,LIVING
TCGA-BH-A0B0,56,M0,N0,Stage I,T1c,Left Upper Outer Quadrant,,Infiltrating Ductal,,Positive,Positive,Other,2006-00-00,,2,Negative,Peri (6-12 months since last menstrual period),0,A0B0,NO,NO,BLACK OR AFRICAN AMERICAN,BH,LIVING
TCGA-BH-A0B7,42,M0,N1a,Stage IIB,T2,Right,,Infiltrating Ductal,,Positive,Positive,Other,2006-00-00,3+,17,Negative,Pre (<6 months since LMP AND no prior bilateral ovariectomy AND not on estrogen replacement),1,A0B7,NO,NO,WHITE,BH,LIVING
TCGA-BH-A0BG,73,M0,N0,Stage I,T1,Left Lower Outer Quadrant,,Infiltrating Ductal,,Negative,Negative,Other,2008-00-00,,1,Negative,Post (prior bilateral ovariectomy OR >12 mo since LMP with no prior hysterectomy),0,A0BG,NO,NO,WHITE,BH,LIVING
TCGA-BH-A0BL,35,M0,N0,Stage I,T1c,Right Upper Outer Quadrant,,Infiltrating Ductal,,Negative,Negative,Other,2007-00-00,,2,Negative,Pre (<6 months since LMP AND no prior bilateral ovariectomy AND not on estrogen replacement),0,A0BL,NO,NO,WHITE,BH,LIVING
TCGA-BH-A0AU,45,M0,N0,Stage IIA,T2,Left Upper Inner Quadrant,,Infiltrating Ductal,,Positive,Positive,Other,2008-00-00,,2,Negative,Pre (<6 months since LMP AND no prior bilateral ovariectomy AND not on estrogen replacement),0,A0AU,NO,NO,WHITE,BH,LIVING
TCGA-BH-A0B5,40,M0,N2a,Stage IIIA,T2,Left,,Infiltrating Lobular,,Positive,Positive,Modified Radical Mastectomy,2007-00-00,,24,Positive,Pre (<6 months since LMP AND no prior bilateral ovariectomy AND not on estrogen replacement),5,A0B5,NO,NO,WHITE,BH,LIVING
TCGA-BH-A0BF,56,M0,N1mi,Stage IIB,T2,Right Upper Outer Quadrant,,Infiltrating Ductal,,Positive,Positive,Other,2009-00-00,,3,Negative,Post (prior bilateral ovariectomy OR >12 mo since LMP with no prior hysterectomy),1,A0BF,NO,NO,WHITE,BH,LIVING
TCGA-BH-A0BO,54,M0,N0,Stage I,T1b,Left Upper Inner Quadrant,,Infiltrating Ductal,,Positive,Positive,Other,2007-00-00,,3,Negative,Pre (<6 months since LMP AND no prior bilateral ovariectomy AND not on estrogen replacement),0,A0BO,NO,NO,WHITE,BH,LIVING
TCGA-BH-A201,64,M0,N0,Stage IA,T1,Left,,Infiltrating Ductal,,Positive,Positive,Other,2011-00-00,,2,,Post (prior bilateral ovariectomy OR >12 mo since LMP with no prior hysterectomy),0,A201,NO,NO,WHITE,BH,LIVING
TCGA-BH-A202,60,M0,N0,Stage II,T2,Left,,Infiltrating Ductal,,Positive,Positive,Other,2011-00-00,,4,,Post (prior bilateral ovariectomy OR >12 mo since LMP with no prior hysterectomy),0,A202,NO,NO,WHITE,BH,LIVING
TCGA-BH-A208,48,M0,N1b,Stage IIB,T2,Left,,Infiltrating Ductal,,,,Other,1995-00-00,,15,,,3,A208,NO,NO,WHITE,BH,DECEASED
TCGA-BH-A209,77,M0,N0,Stage I,T1c,Left Upper Outer Quadrant,,Medullary,,Positive,Positive,Other,1996-00-00,,12,,Post (prior bilateral ovariectomy OR >12 mo since LMP with no prior hysterectomy),0,A209,NO,NO,BLACK OR AFRICAN AMERICAN,BH,DECEASED
TCGA-BH-A204,80,M0,N1b,Stage IIB,T2,Left,,Infiltrating Ductal,,,,Modified Radical Mastectomy,1996-00-00,,16,,Post (prior bilateral ovariectomy OR >12 mo since LMP with no prior hysterectomy),2,A204,NO,NO,WHITE,BH,DECEASED
TCGA-BH-A203,78,M0,N1b,Stage IIB,T2,Right,,Infiltrating Ductal,,,,Other,1996-00-00,,39,,Post (prior bilateral ovariectomy OR >12 mo since LMP with no prior hysterectomy),35,A203,NO,NO,WHITE,BH,DECEASED
TCGA-BH-A0B6,47,M0,N0,Stage I,T1c,Left Upper Outer Quadrant,,Infiltrating Ductal,,Positive,Positive,Other,2006-00-00,,4,Negative,,0,A0B6,YES,YES,WHITE,BH,LIVING
TCGA-E2-A10E,64,M0,N1a,Stage IIA,T1c,Left,Sentinel lymph node biopsy plus axillary dissection,Infiltrating Ductal,,Positive,Positive,Simple Mastectomy,2008-00-00,2+,21,Negative,Post (prior bilateral ovariectomy OR >12 mo since LMP with no prior hysterectomy),2,A10E,NO,NO,WHITE,E2,LIVING
TCGA-AO-A0JC,64,M0,N0 (i-),Stage IIA,T2,Right Upper Outer Quadrant|Right Lower Outer Quadrant|Right,Sentinel lymph node biopsy plus axillary dissection,Infiltrating Ductal,,Positive,Positive,Modified Radical Mastectomy,2006-00-00,0,12,Negative,Post (prior bilateral ovariectomy OR >12 mo since LMP with no prior hysterectomy),0,A0JC,NO,NO,WHITE,AO,LIVING
TCGA-AO-A0JD,59,M0,N1a,Stage IIIA,T3,Left Upper Outer Quadrant|Left,Sentinel lymph node biopsy plus axillary dissection,Infiltrating Ductal,,Positive,Positive,Modified Radical Mastectomy,2005-00-00,1+,27,Negative,Post (prior bilateral ovariectomy OR >12 mo since LMP with no prior hysterectomy),3,A0JD,NO,NO,WHITE,AO,LIVING
TCGA-AO-A0JE,53,M0,N2a,Stage IIIA,T2,Right Lower Outer Quadrant|Right,Sentinel lymph node biopsy plus axillary dissection,Infiltrating Ductal,,Negative,Negative,Lumpectomy,2005-00-00,3+,29,Positive,Post (prior bilateral ovariectomy OR >12 mo since LMP with no prior hysterectomy),8,A0JE,NO,NO,BLACK OR AFRICAN AMERICAN,AO,LIVING
TCGA-AO-A0JF,68,M0,N1a,Stage IIA,T1c,Left Upper Outer Quadrant|Left,Sentinel lymph node biopsy plus axillary dissection,Infiltrating Ductal,,Positive,Positive,Lumpectomy,2009-00-00,1+,14,Negative,Post (prior bilateral ovariectomy OR >12 mo since LMP with no prior hysterectomy),2,A0JF,NO,NO,WHITE,AO,LIVING
TCGA-AO-A0JJ,54,M0,N1a,Stage IIB,T2,Left Upper Outer Quadrant|Left,Sentinel lymph node biopsy plus axillary dissection,Infiltrating Lobular,,Positive,Positive,Modified Radical Mastectomy,2006-00-00,0,44,Negative,Post (prior bilateral ovariectomy OR >12 mo since LMP with no prior hysterectomy),2,A0JJ,NO,NO,WHITE,AO,LIVING
TCGA-AO-A0JL,59,M0,N2a,Stage IIIA,T2,Left Upper Outer Quadrant|Left Lower Outer Quadrant|Left,Axillary lymph node dissection alone,Infiltrating Ductal,,Negative,Negative,Modified Radical Mastectomy,2006-00-00,1+,26,Negative,Post (prior bilateral ovariectomy OR >12 mo since LMP with no prior hysterectomy),7,A0JL,NO,NO,WHITE,AO,LIVING
TCGA-AO-A0JM,40,M0,N1,Stage IIB,T2,Right Lower Inner Quadrant|Right Lower Outer Quadrant|Right,Sentinel lymph node biopsy plus axillary dissection,Infiltrating Ductal,,Positive,Positive,Modified Radical Mastectomy,2005-00-00,3+,23,Negative,Pre (<6 months since LMP AND no prior bilateral ovariectomy AND not on estrogen replacement),2,A0JM,NO,NO,,AO,LIVING
TCGA-AO-A0JG,49,M0,N2a,Stage IIIA,T2,Right Lower Outer Quadrant|Right,Axillary lymph node dissection alone,Other,,Positive,Positive,Modified Radical Mastectomy,2009-00-00,1+,19,Close,Post (prior bilateral ovariectomy OR >12 mo since LMP with no prior hysterectomy),4,A0JG,NO,NO,WHITE,AO,LIVING
