target,fold,select__k,clf__C,inner_auc
GHI (Oncotype),0,all,0.01,0.7
GHI (Oncotype),1,all,1.0,0.759
GHI (Oncotype),2,20,0.01,0.606
GHI (Oncotype),3,all,0.1,0.776
GHI (Oncotype),4,10,1.0,0.745
MammaPrint,0,all,0.01,0.769
MammaPrint,1,all,1.0,0.707
MammaPrint,2,10,0.01,0.697
MammaPrint,3,10,1.0,0.77
MammaPrint,4,20,1.0,0.717
ROR-P,0,all,0.01,0.579
ROR-P,1,20,0.1,0.516
ROR-P,2,all,0.01,0.519
ROR-P,3,all,1.0,0.53
ROR-P,4,all,0.1,0.604
ROR-S,0,20,0.1,0.686
ROR-S,1,5,1.0,0.721
ROR-S,2,5,0.01,0.707
ROR-S,3,20,0.01,0.684
ROR-S,4,5,0.01,0.825
