CLID,fold,GHI_bin_pred,Mammaprint_bin_pred,ROR_P_bin_pred,ROR_S_bin_pred
TCGA-AO-A03M,0,0.8141582014702426,0.8120779481051211,0.5941076271063669,0.36197221851287864
TCGA-AO-A03V,3,0.8561241987462083,0.99813709423627,0.8570146888893266,0.32224330992595074
TCGA-AO-A0J9,1,0.7301351850534106,0.9734040769144051,0.7738766913250268,0.6974105248512106
TCGA-AO-A0JI,1,0.18707741151759874,0.96359842065888,0.38889930938889095,0.08465175253236751
TCGA-AO-A0JM,2,0.860033587330067,0.6941265960395435,0.7310963744402452,0.5187544253286844
TCGA-AO-A12D,2,0.818345371542126,0.7939398280791015,0.6225036069631331,0.3847699412911725
TCGA-AO-A12E,2,0.880501109992781,0.7750738007686833,0.5405122730756959,0.4473521902142512
TCGA-AO-A12F,3,0.9688657864767949,0.019903279259119822,0.7895615333344719,0.7275563944194731
TCGA-AO-A12G,1,0.3349145873476632,0.9742712724003669,0.4734635003257162,0.18070964015229105
TCGA-AR-A1AN,4,0.7066403881766432,0.974913630273325,0.5766336591118293,0.31478278151500855
TCGA-AR-A1AQ,0,0.8632359212271089,0.6911206051054419,0.6816305088644515,0.85793361693116
TCGA-AR-A1AX,4,0.838475391570353,0.9550866841109528,0.5967482275124465,0.3365396303558871
TCGA-AR-A24S,3,0.7293645341131667,0.8364832268188197,0.7600448914853106,0.35034281440873116
TCGA-AR-A24X,0,0.7680469769365421,0.8164312376592306,0.580745092804373,0.28266817340696465
TCGA-BH-A0AW,4,0.7248981550743768,0.9461659434239368,0.5126657606760792,0.32712109233589143
TCGA-BH-A0AZ,3,0.7604148242321441,0.9757139922711181,0.08426561773481075,0.3368755980215529
TCGA-BH-A0B1,4,0.9524327905649005,0.4499990622120906,0.69872640024079,0.43924987519948905
TCGA-BH-A0B3,1,0.902942804461494,0.9195387192681314,0.5388361141220009,0.4618847319134422
TCGA-BH-A0B5,2,0.8121372385434547,0.7592052817177554,0.5855368411601777,0.499845335288645
TCGA-BH-A0BG,4,0.823313158662347,0.8861807350485106,0.6439142505341827,0.3380460280328631
TCGA-BH-A0BJ,1,0.8320375672341035,0.9848907054579347,0.6525109279900483,0.2671273487559849
TCGA-BH-A0BM,2,0.8014488563367274,0.8343550987465564,0.5297972208806662,0.3459726563846611
TCGA-BH-A0BQ,3,0.5527648201864448,0.9923337084824784,0.49156024002688553,0.19536309395496976
TCGA-BH-A0BT,1,0.9394153535692151,0.8573863342371532,0.540084871018417,0.3498258307478278
TCGA-BH-A0C0,3,0.7406657630527325,0.9594089085066742,0.868642881841624,0.3238864926998883
TCGA-BH-A0DE,3,0.8378000662220827,0.7911792786447079,0.8457140231550669,0.4640122279470637
TCGA-BH-A0DG,4,0.8375773777912553,0.827509405756834,0.6403129735483901,0.34079619014498486
TCGA-BH-A0DH,2,0.7838432833291736,0.7877748087086371,0.5792433797967715,0.4363629209172953
TCGA-BH-A0DI,0,0.8863162108942367,0.7052161758336342,0.7064837752311276,0.8342488289954916
TCGA-BH-A0DK,1,0.9818348718851424,0.9878294239321511,0.753024085013047,0.5874504353085265
TCGA-BH-A0DT,3,0.7628568323217255,0.9890891027427737,0.3791706025435019,0.3324863026254292
TCGA-BH-A0DV,0,0.766903422389058,0.8673263333368841,0.582953716945467,0.18995708349141024
TCGA-BH-A0DX,2,0.7798722819754137,0.8420647777151609,0.5316919299532803,0.3732406551534958
TCGA-BH-A0DZ,1,0.92074581679478,0.7610434971132886,0.6567356278783447,0.6318231343698737
TCGA-BH-A0E0,4,0.99266041118565,0.9867448859031906,0.6570126672122865,0.6021528713235766
TCGA-BH-A0E1,3,0.5972355287125332,0.9184284066240932,0.8926609173691735,0.2759003209557004
TCGA-BH-A0E2,4,0.9182481097016224,0.9605912689703118,0.5676138164234666,0.4685510224060245
TCGA-BH-A0E9,4,0.9186439958416709,0.6425057404695689,0.6680469144460724,0.43528049978182626
TCGA-BH-A0EI,4,0.8422125924512199,0.6085685924233621,0.7200588616631781,0.3376510948547948
TCGA-BH-A0GY,0,0.8424212943344906,0.8368257490030916,0.5570738299058696,0.3503935467998188
TCGA-BH-A0GZ,3,0.12174040369417008,0.9320646993542125,0.39745935106876795,0.2495527873583862
TCGA-BH-A0H3,4,0.7452009084550983,0.9327446599585911,0.8157416722618505,0.29226146332089065
TCGA-BH-A0H5,0,0.6326385281714711,0.8770661763516016,0.7823980783564537,0.4131439733006927
TCGA-BH-A0H6,3,0.8782381720220875,0.9889120471855594,0.2473109052166259,0.2901627479108878
TCGA-BH-A0H7,3,0.10744074762414503,0.6496671370864927,0.6886208264436465,0.24229763698641854
TCGA-BH-A0H9,1,0.7562983541659763,0.8990532520183743,0.6645450031794042,0.36446621890028513
TCGA-BH-A0HA,0,0.7418255569504124,0.8690505745471476,0.5090890848420031,0.10454088917815053
TCGA-BH-A0HI,3,0.8686538605008964,0.9945952608217842,0.7304166417911419,0.334570795222416
TCGA-BH-A0HX,2,0.7442616189443255,0.8214811713839623,0.5674223001356963,0.372908452678947
TCGA-BH-A0HY,1,0.8411409912392745,0.9773765442492507,0.5666323305773482,0.29836265975946846
TCGA-BH-A0RX,3,0.9109688913983994,0.4582013147175094,0.8052234429122765,0.545073239378635
TCGA-BH-A0W3,4,0.6600874728769803,0.8535970780656752,0.394905665767152,0.31454549690821204
TCGA-BH-A0W5,1,0.8605744807826748,0.8537419023796812,0.543311239147277,0.4521824995330231
TCGA-BH-A18F,2,0.8252341004414484,0.015703641224203965,0.9999963567339327,0.3858890080571025
TCGA-BH-A18H,1,0.8463544590184569,0.9852547617240723,0.4695053178274276,0.14195142797840182
TCGA-BH-A201,4,0.497225839008948,0.9636991498824407,0.32565781328557014,0.26849751019710155
TCGA-BH-A202,0,0.7818090994681979,0.8507990582189099,0.5439177051714427,0.20016730890679846
TCGA-BH-A28Q,1,0.7947489649867886,0.9685252578887105,0.6226633470808286,0.603390508188803
TCGA-E2-A108,3,0.9354139096151092,0.8673919680089781,0.8967736722200933,0.4500206660133188
TCGA-E2-A109,4,0.8484675854694815,0.9269915785483296,0.6252964272356522,0.3319126294663766
TCGA-E2-A10F,2,0.8090825470043448,0.8153560046066478,0.5788798759923199,0.3735015806168159
TCGA-E2-A14P,1,0.9972885903422211,0.8309527562127493,0.7955391406543519,0.49058214180269394
TCGA-E2-A14S,4,0.8657979451086226,0.9766171175689436,0.7672754320263676,0.31777331014925464
TCGA-E2-A14T,0,0.8082400779094855,0.8289289576307526,0.6170551642818806,0.663083212621098
TCGA-E2-A14V,2,0.832281559550131,0.7995739056157614,0.5481358716918642,0.41669603522011206
TCGA-E2-A14Y,1,0.9629913935053096,0.9581625074363592,0.5906337960302437,0.6272568475144119
TCGA-E2-A150,1,0.8967743089290411,0.6720575211908877,0.7090437269004167,0.514014049903129
TCGA-E2-A159,4,0.8980744447478571,0.5759857091027683,0.7340001459317567,0.35267334418173113
TCGA-E2-A15A,3,0.9204085062825136,0.46071901868810144,0.8878664012815681,0.5273979060246459
TCGA-E2-A15E,2,0.7567089849158483,0.8357066429667349,0.5740719537211455,0.3592687693050982
TCGA-E2-A15F,0,0.7966475657345075,0.8186342307700477,0.5571055132752118,0.22527293527825817
TCGA-E2-A15H,3,0.9018579023804824,0.3581763468182842,0.5567191330493333,0.4134727876632279
TCGA-E2-A15I,0,0.8119967527744587,0.790421855346359,0.6745228660810358,0.4970119223878387
TCGA-E2-A15J,0,0.8276039362868748,0.795706204082961,0.6260761137792749,0.4377362820680608
TCGA-E2-A15K,0,0.8284683630468567,0.7627061391831829,0.6523477688397962,0.5058681179727648
TCGA-E2-A15L,2,0.8643746089178977,0.791579594867451,0.6403551278632695,0.43062321637498846
TCGA-E2-A15M,0,0.8638171513192314,0.7973794172305589,0.6509888235169293,0.5355355933099025
TCGA-E2-A1B1,1,0.9576495481029443,0.9699877152978378,0.7042605175380006,0.3943794301558676
TCGA-E2-A1B5,0,0.8328813477246924,0.7705521215155994,0.6271483419909094,0.5359451847578758
TCGA-E2-A1B6,2,0.8258188119528173,0.79398056143078,0.6635990830438789,0.38171381505564683
TCGA-E2-A1IE,2,0.8444427034128378,0.8167297073160916,0.6092564011896253,0.34964319810324546
TCGA-E2-A1IG,1,0.9637611899371948,0.9980683915380504,0.8066920671002638,0.39958651467411904
