CLID,outer_fold,ER_pos,GHI_bin,Mammaprint_bin,ROR_P_bin,ROR_S_bin
TCGA-AO-A03M,0,1,1,1,1,1
TCGA-AO-A03V,3,1,1,1,0,0
TCGA-AO-A0J9,1,1,1,1,1,0
TCGA-AO-A0JI,1,1,1,1,1,0
TCGA-AO-A0JM,2,1,1,1,1,1
TCGA-AO-A12D,2,0,1,1,1,1
TCGA-AO-A12E,2,1,1,1,0,0
TCGA-AO-A12F,3,0,1,0,1,1
TCGA-AO-A12G,1,1,0,1,0,0
TCGA-AR-A1AN,4,1,0,1,1,0
TCGA-AR-A1AQ,0,0,1,0,1,1
TCGA-AR-A1AX,4,1,1,1,0,0
TCGA-AR-A24S,3,1,1,1,1,1
TCGA-AR-A24X,0,1,1,1,0,0
TCGA-BH-A0AW,4,1,1,1,1,1
TCGA-BH-A0AZ,3,1,1,1,0,0
TCGA-BH-A0B1,4,1,1,1,0,0
TCGA-BH-A0B3,1,0,1,0,1,1
TCGA-BH-A0B5,2,1,1,1,1,1
TCGA-BH-A0BG,4,0,1,0,1,1
TCGA-BH-A0BJ,1,1,0,1,0,0
TCGA-BH-A0BM,2,1,0,1,0,0
TCGA-BH-A0BQ,3,1,0,1,0,0
TCGA-BH-A0BT,1,1,0,1,0,0
TCGA-BH-A0C0,3,1,1,0,1,1
TCGA-BH-A0DE,3,1,1,1,0,0
TCGA-BH-A0DG,4,1,1,1,1,0
TCGA-BH-A0DH,2,1,1,1,0,0
TCGA-BH-A0DI,0,1,1,1,0,0
TCGA-BH-A0DK,1,1,1,1,1,0
TCGA-BH-A0DT,3,1,0,1,0,0
TCGA-BH-A0DV,0,1,0,1,0,0
TCGA-BH-A0DX,2,1,1,1,1,0
TCGA-BH-A0DZ,1,1,1,0,1,1
TCGA-BH-A0E0,4,0,1,0,1,1
TCGA-BH-A0E1,3,1,1,1,1,1
TCGA-BH-A0E2,4,1,1,1,1,0
TCGA-BH-A0E9,4,1,0,1,0,0
TCGA-BH-A0EI,4,1,1,1,0,0
TCGA-BH-A0GY,0,1,1,1,1,1
TCGA-BH-A0GZ,3,1,1,1,1,0
TCGA-BH-A0H3,4,1,0,1,0,0
TCGA-BH-A0H5,0,1,1,1,0,0
TCGA-BH-A0H6,3,1,0,1,0,0
TCGA-BH-A0H7,3,1,1,1,1,0
TCGA-BH-A0H9,1,1,1,1,1,0
TCGA-BH-A0HA,0,1,1,1,0,0
TCGA-BH-A0HI,3,1,0,1,1,0
TCGA-BH-A0HX,2,1,1,1,1,0
TCGA-BH-A0HY,1,1,1,1,1,1
TCGA-BH-A0RX,3,0,1,0,1,1
TCGA-BH-A0W3,4,1,1,1,1,1
TCGA-BH-A0W5,1,1,0,1,0,0
TCGA-BH-A18F,2,1,1,1,1,1
TCGA-BH-A18H,1,1,1,1,0,0
TCGA-BH-A201,4,1,1,1,0,0
TCGA-BH-A202,0,1,1,0,1,1
TCGA-BH-A28Q,1,1,0,1,0,0
TCGA-E2-A108,3,1,1,1,0,0
TCGA-E2-A109,4,1,1,1,1,1
TCGA-E2-A10F,2,1,1,1,0,0
TCGA-E2-A14P,1,0,1,0,1,1
TCGA-E2-A14S,4,1,1,1,1,1
TCGA-E2-A14T,0,1,1,1,1,0
TCGA-E2-A14V,2,1,1,1,1,1
TCGA-E2-A14Y,1,1,1,0,1,1
TCGA-E2-A150,1,0,1,0,1,1
TCGA-E2-A159,4,0,1,0,1,1
TCGA-E2-A15A,3,1,1,1,1,1
TCGA-E2-A15E,2,1,1,1,0,0
TCGA-E2-A15F,0,1,1,1,1,0
TCGA-E2-A15H,3,1,1,1,1,0
TCGA-E2-A15I,0,1,0,1,0,0
TCGA-E2-A15J,0,1,1,1,1,0
TCGA-E2-A15K,0,1,1,1,1,1
TCGA-E2-A15L,2,1,1,1,1,1
TCGA-E2-A15M,0,1,1,1,1,1
TCGA-E2-A1B1,1,1,1,1,0,0
TCGA-E2-A1B5,0,1,1,1,1,0
TCGA-E2-A1B6,2,0,1,0,1,1
TCGA-E2-A1IE,2,1,1,1,1,0
TCGA-E2-A1IG,1,1,1,1,0,0
